,FORMULA,PROPERTY: Microstructure,PROPERTY: Processing method,PROPERTY: BCC/FCC/other,PROPERTY: grain size ($\mu$m),PROPERTY: Exp. Density (g/cm$^3$),PROPERTY: Calculated Density (g/cm$^3$),PROPERTY: HV,PROPERTY: Type of test,PROPERTY: Test temperature ($^\circ$C),PROPERTY: YS (MPa),PROPERTY: UTS (MPa),PROPERTY: Elongation (%),PROPERTY: Elongation plastic (%),PROPERTY: Exp. Young modulus (GPa),PROPERTY: Calculated Young modulus (GPa),PROPERTY: O content (wppm),PROPERTY: N content (wppm),PROPERTY: C content (wppm)
0,Al0.25 Co1 Fe1 Ni1,FCC,CAST,FCC,,,7.9,138.0,C,25.0,158.0,,,,,192.0,,,
3,Al1 Co1 Fe1 Ni1,BCC,CAST,BCC,,,6.6,456.0,C,25.0,964.0,,,,,162.0,,,
4,Co1 Fe1 Ni1,FCC,CAST,FCC,,,8.5,125.0,C,25.0,204.0,,,,,207.0,,,
5,Co1 Fe1 Ni1,FCC,CAST,FCC,,,8.5,125.0,C,25.0,209.0,,,,,207.0,,,
6,Co1 Fe1 Ni1 Si0.25,FCC,CAST,FCC,,,7.7,149.0,C,25.0,196.0,,,,,186.0,,,
9,Co1 Cr1 Fe1 Ni1,FCC,WROUGHT,FCC,24.0,,8.2,,T,25.0,274.0,708.0,39.0,,,226.0,,,
10,Co1 Cr1 Mn1 Ni1,FCC,WROUGHT,FCC,36.0,,8.1,,T,25.0,282.0,694.0,44.0,,,222.0,,,
11,Co1 Cr1 Ni1,FCC,WROUGHT,FCC,41.0,,8.3,,T,25.0,300.0,860.0,60.0,,,231.0,,,
12,Co1 Fe1 Mn1 Ni1,FCC,WROUGHT,FCC,48.0,,8.2,,T,25.0,170.0,550.0,41.0,,,204.0,,,
13,Co1 Fe1 Ni1,FCC,WROUGHT,FCC,28.0,,8.5,,T,25.0,211.0,513.0,31.0,,,207.0,,,
14,Co1 Mn1 Ni1,FCC,WROUGHT,FCC,32.0,,8.4,,T,25.0,231.0,653.0,38.0,,,202.0,,,
15,Fe1 Mn1 Ni1,FCC,WROUGHT,FCC,30.0,,8.1,,T,25.0,221.0,602.0,36.0,,,203.0,,,
21,Co1 Cr1 Fe1 Ni1,FCC,CAST,FCC,175.0,,8.2,,T,25.0,148.0,413.0,48.0,,,226.0,,,
22,Al0.25 Co1 Cr1 Fe1 Ni1,FCC,ANNEAL,FCC,,,7.7,110.0,,25.0,,,,,,213.0,,,
23,Al0.25 Co1 Cr1 Fe1 Ni1,FCC,ANNEAL,FCC,,,7.7,113.0,,25.0,,,,,,213.0,,,
24,Al0.375 Co1 Cr1 Fe1 Ni1,FCC,ANNEAL,FCC,,,7.5,131.0,,25.0,,,,,,207.0,,,
25,Al0.375 Co1 Cr1 Fe1 Ni1,FCC,ANNEAL,FCC,,,7.5,196.0,,25.0,,,,,,207.0,,,
30,Al0.875 Co1 Cr1 Fe1 Ni1,BCC,ANNEAL,BCC,,,6.9,538.0,,25.0,,,,,,188.0,,,
32,Al1 Co0.8 Cr0.8 Fe0.8 Ni0.8,BCC,ANNEAL,BCC,,,6.5,487.0,,25.0,,,,,,177.0,,,
33,Al1 Co0.8 Cr0.8 Fe0.8 Ni0.8,BCC,ANNEAL,BCC,,,6.5,499.0,,25.0,,,,,,177.0,,,
34,Al1 Co0.667 Cr0.667 Fe0.667 Ni0.667,BCC,ANNEAL,BCC,,,6.2,484.0,,25.0,,,,,,171.0,,,
35,Al1 Co0.667 Cr0.667 Fe0.667 Ni0.667,BCC,ANNEAL,BCC,,,6.2,517.0,,25.0,,,,,,171.0,,,
36,Al1 Co0.5 Cr0.5 Fe0.5 Ni0.5,BCC,ANNEAL,BCC,,,5.9,509.0,,25.0,,,,,,160.0,,,
37,Al1 Co0.5 Cr0.5 Fe0.5 Ni0.5,BCC,ANNEAL,BCC,,,5.9,512.0,,25.0,,,,,,160.0,,,
38,Al1 Co1 Cr1 Fe1 Ni1,BCC,ANNEAL,BCC,,,6.7,484.0,,25.0,,,,,,184.0,,,
40,Co1 Cr1 Fe1 Ni1,FCC,ANNEAL,FCC,,,8.2,116.0,,25.0,,,,,,226.0,,,
41,Co1 Cr1 Fe1 Ni1,FCC,ANNEAL,FCC,,,8.2,113.0,,25.0,,,,,,226.0,,,
51,Co1 Cr1 Fe1 Ni1 Ti1,FCC,CAST,FCC,,,7.2,,C,25.0,,2020.0,,9.0,135.0,195.0,,,
53,Al0.133 Co1 Cr0.667 Fe0.667 Ni1 Ti0.333,FCC,ANNEAL,FCC,,,7.6,487.0,,25.0,,,,,,201.0,,,
58,Al1 Co0.667 Cr0.667 Fe0.667 Ni0.667,BCC,CAST,BCC,,,6.2,402.0,,25.0,,,,,,171.0,,,
59,Al1 Co0.4 Cr0.4 Fe0.4 Ni0.4,BCC,CAST,BCC,,,5.6,487.0,,25.0,,,,,,152.0,,,
60,Al1 Co0.5 Cr0.5 Fe0.5 Ni0.5,BCC,CAST,BCC,,,5.9,432.0,,25.0,,,,,,160.0,,,
61,Al1 Co0.333 Cr0.333 Fe0.333 Ni0.333,BCC,CAST,BCC,,,5.3,506.0,,25.0,,,,,,145.0,,,
62,Al1 Co1 Cr1 Fe1 Ni1,BCC,CAST,BCC,,,6.7,395.0,,25.0,,,,,,184.0,,,
64,Co1 Cr1 Cu1 Fe1 Ni1,FCC,CAST,FCC,,,8.3,286.0,,25.0,,,,,,206.0,,,
66,Cr1 Cu1 Fe1 Mo1 Ni1,FCC,CAST,FCC,,,8.7,263.0,,25.0,,,,,,236.0,,,
67,Al1 Co1 Cr1 Fe1 Ni1,BCC,CAST,BCC,,,6.7,,C,25.0,1251.0,2004.0,,33.0,,184.0,,,
75,Al1 Co1 Cr1 Fe1 Ni1,BCC,CAST,BCC,,,6.7,,C,25.0,1138.0,,,11.0,,184.0,,,
76,Al1 Co1 Cr1 Fe1 Mo0.1 Ni1,BCC,CAST,BCC,,,6.8,,C,25.0,1804.0,2280.0,,9.0,,188.0,,,
81,Al1 Co1 Cr1 Fe1 Ni1,BCC,CAST,BCC,,,6.7,,C,25.0,1051.0,,,,,184.0,,,
82,Al1 Co1 Cr1 Fe1 Nb0.1 Ni1,BCC,CAST,BCC,,,6.8,569.0,C,25.0,1641.0,3285.0,,17.0,,182.0,,,
86,Al1 Co1 Cr1 Fe1 Ni1,BCC,CAST,BCC,,,6.7,520.0,C,25.0,1373.0,3531.0,,25.0,,184.0,,,
101,Al1 Co1 Cr1 Fe1 Ni1,BCC,CAST,BCC,,,6.7,,C,25.0,1110.0,,,,,184.0,,,
103,Al1 Co1 Cr1 Fe1 Ni1 Si0.2,BCC,CAST,BCC,,,6.5,,C,25.0,1265.0,2173.0,,14.0,,176.0,,,
104,Al1 Co1 Cr1 Fe1 Ni1 Si0.4,BCC,CAST,BCC,,,6.2,,C,25.0,1481.0,2444.0,,13.0,,169.0,,,
105,Al1 Co1 Cr1 Fe1 Ni1 Si0.6,BCC,CAST,BCC,,,6.0,,C,25.0,1834.0,2195.0,,3.0,,162.0,,,
107,Al0.25 Co1 Cr1 Cu0.5 Fe1 Ni1 Ti0.5,FCC,CAST,FCC,,,7.4,,,25.0,,,,,,192.0,,,
108,Al0.25 Co1 Cr1 Cu0.75 Fe1 Ni1 Ti0.5,FCC,CAST,FCC,,,7.5,,C,25.0,750.0,1970.0,,39.0,103.0,189.0,,,
111,Co1 Cr1 Cu1 Fe1 Ni1 Ti0.5,FCC,CAST,FCC,,,7.8,,C,25.0,700.0,1650.0,,29.0,93.0,194.0,,,
116,Al1 Co1 Fe1 Ni1 Ti1 V1 Zr1,BCC,CAST,BCC,,,6.2,790.0,,25.0,,,,,,129.0,,,
117,Al1 Fe1 Ni1 Ti1 V1 Zr1,BCC,CAST,BCC,,,5.9,800.0,,25.0,,,,,,119.0,,,
124,Al0.1 Co1 Cr1 Fe1 Mn1 Ni1,FCC,CAST,FCC,,,7.9,180.0,,25.0,,,,,,216.0,,,
125,Al0.2 Co1 Cr1 Fe1 Mn1 Ni1,FCC,CAST,FCC,,,7.7,171.0,T,25.0,220.0,,56.0,,,212.0,,,
126,Al0.38 Co1 Cr1 Fe1 Mn1 Ni1,FCC,CAST,FCC,,,7.5,182.0,T,25.0,244.0,,45.0,,,205.0,,,
136,Al1 Co0.8 Cr0.8 Fe0.8 Mn0.8 Ni0.8,BCC,CAST,BCC,,,6.6,539.0,,25.0,,,,,,180.0,,,
137,Co1 Cr1 Fe1 Mn1 Ni1,FCC,CAST,FCC,,,8.0,176.0,T,25.0,208.0,,62.0,,,220.0,,,
138,Co1 Cr1 Fe1 Mn1 Ni1,FCC,CAST,FCC,300.0,,8.0,144.0,C,25.0,,,,,,220.0,,,
139,Co1 Cr1 Fe1 Mn1 Ni1,FCC,ANNEAL,FCC,350.0,,8.0,135.0,C,25.0,230.0,,,75.0,,220.0,,,
140,Co1 Cr1 Fe1 Mn1 Ni1 V0.25,FCC,CAST,FCC,120.0,,7.9,151.0,C,25.0,,,,,,215.0,,,
142,Co1 Cr1 Fe1 Mn1 Ni1 V0.5,FCC,CAST,FCC,220.0,,7.8,186.0,C,25.0,,,,,,210.0,,,
143,Co1 Cr1 Fe1 Mn1 Ni1 V0.5,FCC,ANNEAL,FCC,250.0,,7.8,275.0,C,25.0,620.0,,,75.0,,210.0,,,
149,Al0.333 Cr0.667 Fe1 Mn0.667 Ni0.333,BCC,CAST,BCC,,,7.0,396.0,,25.0,,,,,,201.0,,,
155,Al0.3 Co1 Cr1 Cu1 Fe1,FCC,,FCC,,,7.7,180.0,,25.0,,,,,,194.0,,,
156,Al0.5 Co1 Cr1 Cu1 Fe1,FCC,,FCC,,,7.4,207.0,,25.0,,,,,,187.0,,,
164,Al1 Co0.357 Cr0.357 Cu0.357 Fe0.357,BCC,,BCC,,,5.5,657.0,,25.0,,,,,,139.0,,,
165,Al1 Co0.333 Cr0.333 Cu0.333 Fe0.333,BCC,,BCC,,,5.4,644.0,,25.0,,,,,,136.0,,,
167,Co1 Cr1 Cu1 Fe1,FCC,,FCC,,,8.2,134.0,,25.0,,,,,,208.0,,,
168,Co1 Cr1 Cu0.5 Fe1 Ni1,FCC,CAST,FCC,,,8.3,172.0,,25.0,,,,,,215.0,,,
169,Co1 Cr1 Cu1 Fe1 Ni1 Ti1,FCC,CAST,FCC,,,7.4,,C,25.0,1272.0,1272.0,2.0,0.0,,185.0,,,
170,Co1 Cr1 Cu1 Fe1 Ni1 Ti0.5,FCC,CAST,FCC,,,7.8,,C,25.0,700.0,1650.0,22.0,21.6,,194.0,,,
176,Al0.5 Co1 Cr1 Cu1 Fe1 Ni1,FCC,CAST,FCC,,,7.6,225.0,,25.0,,,,,,189.0,,,
178,Al0.5 Co1 Cr1 Cu1 Fe1 Ni1 Ti0.2,FCC,CAST,FCC,,,7.5,272.0,,25.0,,,,,,185.0,,,
179,Al0.5 Co1 Cr1 Cu1 Fe1 Ni1 Ti0.4,FCC,CAST,FCC,,,7.3,321.0,,25.0,,,,,,182.0,,,
187,Al0.5 Co1 Cr1 Cu1 Fe1 Ni1,FCC,CAST,FCC,,,7.6,215.0,,25.0,,,,,,189.0,,,
188,Al0.5 Co1 Cr1 Cu1 Fe1 Ni1 V0.2,FCC,CAST,FCC,,,7.6,204.0,,25.0,,,,,,186.0,,,
193,Al0.417 Co0.833 Cr0.833 Cu0.833 Fe0.833 Ni0.833 V1,BCC,CAST,BCC,,,7.3,579.0,,25.0,,,,,,177.0,,,
194,Al0.357 Co0.714 Cr0.714 Cu0.714 Fe0.714 Ni0.714 V1,BCC,CAST,BCC,,,7.3,577.0,,25.0,,,,,,175.0,,,
195,Al0.312 Co0.625 Cr0.625 Cu0.625 Fe0.625 Ni0.625 V1,BCC,CAST,BCC,,,7.2,594.0,,25.0,,,,,,174.0,,,
196,Al0.278 Co0.556 Cr0.556 Cu0.556 Fe0.556 Ni0.556 V1,BCC,CAST,BCC,,,7.2,597.0,,25.0,,,,,,172.0,,,
197,Al0.25 Co0.5 Cr0.5 Cu0.5 Fe0.5 Ni0.5 V1,BCC,CAST,BCC,,,7.2,587.0,,25.0,,,,,,171.0,,,
208,Al1 Co1 Cr1 Cu1 Ni1 Ti1,BCC,,BCC,,,6.4,,C,25.0,,1495.0,,8.0,36.0,157.0,,,
212,Co1 Cu1 Fe1 Ni1,FCC,CAST,FCC,,,8.6,,T,25.0,,480.0,,15.0,,187.0,,,
213,Co1 Cu1 Fe1 Ni1 Sn0.02,FCC,CAST,FCC,,,8.6,,T,25.0,,548.0,,17.0,,185.0,,,
220,Co1 Cu1 Fe1 Mn1 Ni1,FCC,CAST,FCC,,,8.4,208.0,T,25.0,,478.0,,14.0,,189.0,,,
221,Co1 Cu1 Fe1 Mn1 Ni1 Sn0.03,FCC,CAST,FCC,,,8.4,192.0,T,25.0,,465.0,,18.0,,187.0,,,
231,Co1 Cr1 Cu1 Fe1 Ni1,FCC,,FCC,,,8.3,286.0,C,25.0,230.0,888.0,51.0,,,206.0,,,
232,Al0.1 Cr0.5 Cu0.5 Fe0.5 Ni1,FCC,,FCC,,,8.0,,,25.0,,,,,,197.0,,,
233,Al0.2 Cr0.5 Cu0.5 Fe0.5 Ni1,FCC,,FCC,,,7.8,,,25.0,,,,,,190.0,,,
234,Al0.3 Cr0.5 Cu0.5 Fe0.5 Ni1,FCC,,FCC,,,7.5,,,25.0,,,,,,185.0,,,
235,Al0.4 Cr0.5 Cu0.5 Fe0.5 Ni1,FCC,,FCC,,,7.3,,,25.0,,,,,,179.0,,,
239,Al1 Cu0.889 Fe0.667 Ni0.889 Ti1,FCC,CAST,FCC,,,5.9,516.0,C,25.0,980.0,1326.0,,7.0,145.0,131.0,,,
240,Al1 Cu0.889 Fe0.667 Ni0.889 Ti1,FCC,CAST,FCC,,,5.9,516.0,C,25.0,980.0,1326.0,,7.0,145.0,131.0,,,
241,Al1 Cu1 Fe1 Ni1 Ti1,FCC,CAST,FCC,,,6.1,516.0,C,25.0,1074.0,1617.0,,8.0,146.0,137.0,,,
242,Al1 Cu1 Ni1 Ti1,FCC,CAST,FCC,,,5.7,537.0,C,25.0,300.0,536.0,,0.85,108.0,122.0,,,
250,Al0.214 Nb0.714 Ta0.571 Ti1 V0.143 Zr0.929,BCC,OTHER,BCC,180.0,,7.7,500.0,C,25.0,1965.0,2061.0,5.0,,,107.0,,,
251,Al0.214 Nb0.714 Ta0.571 Ti1 V0.143 Zr0.929,BCC,OTHER,BCC,,,7.7,,C,800.0,678.0,693.0,50.0,,,107.0,,,
252,Al0.214 Nb0.714 Ta0.571 Ti1 V0.143 Zr0.929,BCC,OTHER,BCC,,,7.7,,C,1000.0,166.0,189.0,50.0,,,107.0,,,
253,Al0.214 Nb0.714 Ta0.714 Ti1 Zr0.929,BCC,OTHER,BCC,200.0,,8.1,490.0,C,25.0,1965.0,2054.0,5.0,,,110.0,,,
254,Al0.214 Nb0.714 Ta0.714 Ti1 Zr0.929,BCC,OTHER,BCC,,,8.1,,C,800.0,362.0,397.0,50.0,,,110.0,,,
255,Al0.214 Nb0.714 Ta0.714 Ti1 Zr0.929,BCC,OTHER,BCC,,,8.1,,C,1000.0,236.0,247.0,50.0,,,110.0,,,
256,Al0.4 Hf0.6 Nb1 Ta1 Ti1 Zr1,BCC,OTHER,BCC,140.0,,9.1,500.0,C,25.0,1841.0,2269.0,10.0,,,107.0,,,
257,Al0.4 Hf0.6 Nb1 Ta1 Ti1 Zr1,BCC,OTHER,BCC,,,9.1,,C,800.0,796.0,834.0,50.0,,,107.0,,,
258,Al0.4 Hf0.6 Nb1 Ta1 Ti1 Zr1,BCC,OTHER,BCC,,,9.1,,C,1000.0,298.0,455.0,50.0,,,107.0,,,
259,Al0.333 Nb0.667 Ta0.533 Ti1 V0.133 Zr0.667,BCC,OTHER,BCC,100.0,,7.6,530.0,C,25.0,2035.0,2105.0,5.0,,,109.0,,,
260,Al0.333 Nb0.667 Ta0.533 Ti1 V0.133 Zr0.667,BCC,OTHER,BCC,,,7.6,,C,800.0,796.0,851.0,50.0,,,109.0,,,
261,Al0.333 Nb0.667 Ta0.533 Ti1 V0.133 Zr0.667,BCC,OTHER,BCC,,,7.6,,C,1000.0,220.0,225.0,50.0,,,109.0,,,
266,Al0.667 Nb1 Ta0.333 Ti1 Zr0.333,BCC,OTHER,BCC,2000.0,,6.8,408.0,C,25.0,1280.0,1367.0,4.0,,,105.0,,,
267,Al0.667 Nb1 Ta0.333 Ti1 Zr0.333,BCC,OTHER,BCC,,,6.8,,C,800.0,728.0,1000.0,12.0,,,105.0,,,
268,Al0.667 Nb1 Ta0.333 Ti1 Zr0.333,BCC,OTHER,BCC,,,6.8,,C,1000.0,403.0,415.0,50.0,,,105.0,,,
269,Al0.3 Hf1 Nb1 Ta1 Ti1 Zr1,BCC,CAST,BCC,105.0,,9.5,353.0,C,25.0,1188.0,,50.0,,63.0,105.0,,,
270,Al0.5 Hf1 Nb1 Ta1 Ti1 Zr1,BCC,CAST,BCC,86.0,,9.3,396.0,C,25.0,1302.0,,46.0,,97.0,104.0,,,
271,Al0.75 Hf1 Nb1 Ta1 Ti1 Zr1,BCC,CAST,BCC,89.0,,9.1,427.0,C,25.0,1415.0,2050.0,30.0,,102.0,103.0,,,
273,Hf1 Nb1 Ta1 Ti1 Zr1,BCC,CAST,BCC,120.0,,9.9,295.0,C,25.0,1073.0,,50.0,,55.0,107.0,,,
274,Al0.25 Mo1 Nb1 Ti1 V1,BCC,CAST,BCC,,,7.1,460.0,C,25.0,1250.0,1500.0,13.0,,,161.0,,,
275,Al0.5 Mo1 Nb1 Ti1 V1,BCC,CAST,BCC,,,6.8,487.0,C,25.0,1625.0,1800.0,11.0,,,156.0,,,
276,Al0.75 Mo1 Nb1 Ti1 V1,BCC,CAST,BCC,,,6.6,517.0,C,25.0,1260.0,1300.0,8.0,,,151.0,,,
277,Al1 Mo1 Nb1 Ti1 V1,BCC,CAST,BCC,,,6.4,537.0,C,25.0,1375.0,1400.0,3.0,,,147.0,,,
278,Mo1 Nb1 Ti1 V1,BCC,CAST,BCC,,,7.3,441.0,C,25.0,1200.0,2050.0,26.0,,,167.0,,,
279,Al0.25 Nb1 Ta1 Ti1 V1,BCC,CAST,BCC,,,8.8,,C,25.0,1330.0,,,,,130.0,,,
280,Al0.5 Nb1 Ta1 Ti1 V1,BCC,CAST,BCC,,,8.5,,C,25.0,1014.0,,,,,127.0,,,
281,Al1 Nb1 Ta1 Ti1 V1,BCC,CAST,BCC,,,7.9,,C,25.0,993.0,,,,,122.0,,,
282,Nb1 Ta1 Ti1 V1,BCC,CAST,BCC,,,9.2,,C,25.0,1092.0,,,,,134.0,,,
283,Al1 Nb1 Ti1 V1,BCC,ANNEAL,BCC,350.0,,5.5,448.0,C,25.0,1020.0,1318.0,,5.0,,104.0,,,
284,Al1 Nb1 Ti1 V1,BCC,ANNEAL,BCC,,,5.5,,C,600.0,810.0,1050.0,,12.0,,104.0,,,
285,Al1 Nb1 Ti1 V1,BCC,ANNEAL,BCC,,,5.5,,C,800.0,685.0,,,50.0,,104.0,,,
286,Al1 Nb1 Ti1 V1,BCC,ANNEAL,BCC,,,5.5,,C,1000.0,158.0,,,50.0,,104.0,,,
299,Nb0.5 Ti0.5 V1 Zr0.5,BCC,OTHER,BCC,550.0,,6.4,304.0,C,25.0,918.0,,50.0,,,105.0,,,
300,Nb0.5 Ti0.5 V1 Zr0.5,BCC,OTHER,BCC,,,6.4,,C,600.0,571.0,,50.0,,,105.0,,,
301,Nb0.5 Ti0.5 V1 Zr0.5,BCC,OTHER,BCC,,,6.4,,C,800.0,240.0,,50.0,,,105.0,,,
302,Nb0.5 Ti0.5 V1 Zr0.5,BCC,OTHER,BCC,,,6.4,,C,1000.0,72.0,,50.0,,,105.0,,,
303,Nb1 Ti1 V1 Zr1,BCC,OTHER,BCC,550.0,,6.5,335.0,C,25.0,1105.0,,50.0,,,100.0,,,
304,Nb1 Ti1 V1 Zr1,BCC,OTHER,BCC,,,6.5,,C,600.0,834.0,,50.0,,,100.0,,,
305,Nb1 Ti1 V1 Zr1,BCC,OTHER,BCC,,,6.5,,C,800.0,187.0,,50.0,,,100.0,,,
306,Nb1 Ti1 V1 Zr1,BCC,OTHER,BCC,,,6.5,,C,1000.0,58.0,,50.0,,,100.0,,,
307,Hf0.5 Mo0.5 Nb1 Ti1 Zr1,BCC,CAST,BCC,,,7.9,,C,25.0,1176.0,1538.0,,,,115.0,,,
310,Hf1 Mo0.25 Nb1 Ta1 Ti1 Zr1,BCC,CAST,BCC,,,9.9,395.0,C,25.0,1112.0,,50.0,,96.0,115.0,,,
311,Hf1 Mo0.5 Nb1 Ta1 Ti1 Zr1,BCC,CAST,BCC,,,9.9,480.0,C,25.0,1317.0,,50.0,,102.0,123.0,,,
312,Hf1 Mo0.75 Nb1 Ta1 Ti1 Zr1,BCC,CAST,BCC,,,9.9,492.0,C,25.0,1373.0,,50.0,,109.0,130.0,,,
313,Hf1 Mo1 Nb1 Ta1 Ti1 Zr1,BCC,CAST,BCC,,,9.9,505.0,C,25.0,1512.0,1800.0,12.0,,115.0,137.0,,,
314,Hf1 Nb1 Ta1 Ti1 Zr1,BCC,CAST,BCC,,,9.9,335.0,C,25.0,1015.0,,50.0,,85.0,107.0,,,
315,Hf1 Mo1 Nb1 Ta1 Ti1 Zr1,BCC,CAST,BCC,,,9.9,505.0,C,25.0,1512.0,,12.0,,,137.0,,,
316,Hf1 Mo1 Nb1 Ta1 Ti1 Zr1,BCC,CAST,BCC,,,9.9,,C,800.0,1007.0,,23.0,,,137.0,,,
317,Hf1 Mo1 Nb1 Ta1 Ti1 Zr1,BCC,CAST,BCC,,,9.9,,C,1000.0,814.0,,30.0,,,137.0,,,
318,Hf1 Mo1 Nb1 Ta1 Ti1 Zr1,BCC,CAST,BCC,,,9.9,,C,1200.0,556.0,,30.0,,,137.0,,,
319,Hf1 Mo1 Ta1 Ti1 Zr1,BCC,CAST,BCC,,,10.2,542.0,C,25.0,1600.0,1743.0,4.0,,,143.0,,,
320,Hf1 Mo1 Ta1 Ti1 Zr1,BCC,CAST,BCC,,,10.2,,C,800.0,1045.0,1446.0,19.0,,,143.0,,,
321,Hf1 Mo1 Ta1 Ti1 Zr1,BCC,CAST,BCC,,,10.2,,C,1000.0,855.0,,30.0,,,143.0,,,
322,Hf1 Mo1 Ta1 Ti1 Zr1,BCC,CAST,BCC,,,10.2,,C,1200.0,404.0,,30.0,,,143.0,,,
323,Hf1 Mo1 Nb1 Ti1 Zr1,BCC,ANNEAL,BCC,,,8.7,,C,25.0,1575.0,1640.0,9.0,,,128.0,,,
324,Hf1 Mo1 Nb1 Ti1 Zr1,BCC,ANNEAL,BCC,,,8.7,,C,800.0,825.0,1095.0,50.0,,,128.0,,,
325,Hf1 Mo1 Nb1 Ti1 Zr1,BCC,ANNEAL,BCC,,,8.7,,C,1000.0,635.0,654.0,50.0,,,128.0,,,
326,Hf1 Mo1 Nb1 Ti1 Zr1,BCC,ANNEAL,BCC,,,8.7,,C,1200.0,187.0,194.0,50.0,,,128.0,,,
327,Hf1 Mo1 Nb1 Ti1 Zr1,BCC,CAST,BCC,,,8.7,,C,25.0,1719.0,1803.0,10.0,,,128.0,,,
331,Hf0.333 Nb0.333 Ta0.333 Ti1 Zr0.667,BCC,CAST,BCC,,,8.2,301.0,T,25.0,903.0,990.0,19.0,,,103.0,,,
332,Hf1 Nb1 Ta1 Ti1 Zr1,BCC,OTHER,BCC,,,9.9,,C,25.0,929.0,,50.0,,,107.0,,,
333,Hf1 Nb1 Ta1 Ti1 Zr1,BCC,OTHER,BCC,,,9.9,,C,400.0,790.0,,50.0,,,107.0,,,
334,Hf1 Nb1 Ta1 Ti1 Zr1,BCC,OTHER,BCC,,,9.9,,C,600.0,675.0,,50.0,,,107.0,,,
335,Hf1 Nb1 Ta1 Ti1 Zr1,BCC,OTHER,BCC,,,9.9,,C,800.0,535.0,,50.0,,,107.0,,,
336,Hf1 Nb1 Ta1 Ti1 Zr1,BCC,OTHER,BCC,,,9.9,,C,1000.0,295.0,,50.0,,,107.0,,,
337,Hf1 Nb1 Ta1 Ti1 Zr1,BCC,OTHER,BCC,,,9.9,,C,1200.0,92.0,,50.0,,,107.0,,,
338,Hf1 Nb1 Ti1 Zr1,BCC,CAST,BCC,,,8.4,,T,25.0,879.0,969.0,,14.9,,89.0,,,
339,Mo1 Nb1 Ta1 V1,BCC,ANNEAL,BCC,200.0,,10.7,504.0,C,25.0,1525.0,2400.0,21.0,,,186.0,,,
340,Mo1 Nb1 Ta1 V1 W1,BCC,CAST,BCC,80.0,,12.4,536.0,C,25.0,1246.0,1270.0,2.0,,,229.0,,,
341,Mo1 Nb1 Ta1 V1 W1,BCC,CAST,BCC,,,12.4,,C,600.0,862.0,,13.0,,,229.0,,,
342,Mo1 Nb1 Ta1 V1 W1,BCC,CAST,BCC,,,12.4,,C,800.0,846.0,,17.0,,,229.0,,,
343,Mo1 Nb1 Ta1 V1 W1,BCC,CAST,BCC,,,12.4,,C,1000.0,842.0,,19.0,,,229.0,,,
344,Mo1 Nb1 Ta1 V1 W1,BCC,CAST,BCC,,,12.4,,C,1200.0,735.0,,7.5,,,229.0,,,
345,Mo1 Nb1 Ta1 V1 W1,BCC,CAST,BCC,,,12.4,,C,1400.0,656.0,,40.0,,,229.0,,,
346,Mo1 Nb1 Ta1 V1 W1,BCC,CAST,BCC,,,12.4,,C,1600.0,477.0,,40.0,,,229.0,,,
347,Mo1 Nb1 Ta1 W1,BCC,CAST,BCC,200.0,,13.7,454.0,C,25.0,1058.0,1211.0,2.0,,,250.0,,,
348,Mo1 Nb1 Ta1 W1,BCC,CAST,BCC,,,13.7,,C,600.0,561.0,,40.0,,,250.0,,,
349,Mo1 Nb1 Ta1 W1,BCC,CAST,BCC,,,13.7,,C,800.0,552.0,,40.0,,,250.0,,,
350,Mo1 Nb1 Ta1 W1,BCC,CAST,BCC,,,13.7,,C,1000.0,548.0,,40.0,,,250.0,,,
351,Mo1 Nb1 Ta1 W1,BCC,CAST,BCC,,,13.7,,C,1200.0,506.0,,40.0,,,250.0,,,
352,Mo1 Nb1 Ta1 W1,BCC,CAST,BCC,,,13.7,,C,1400.0,421.0,,40.0,,,250.0,,,
353,Mo1 Nb1 Ta1 W1,BCC,CAST,BCC,,,13.7,,C,1600.0,405.0,,40.0,,,250.0,,,
354,Mo0.3 Nb1 Ti1 V1 Zr1,BCC,ANNEAL,BCC,,,6.7,,C,25.0,1289.0,,,42.0,,114.0,,,
355,Mo0.5 Nb1 Ti1 V1 Zr1,BCC,ANNEAL,BCC,,,6.8,,C,25.0,1473.0,,,32.0,,122.0,,,
356,Mo0.7 Nb1 Ti1 V1 Zr1,BCC,ANNEAL,BCC,,,6.9,,C,25.0,1706.0,,,32.0,,130.0,,,
357,Mo1 Nb0.769 Ti0.769 V0.769 Zr0.769,BCC,ANNEAL,BCC,,,7.3,,C,25.0,1496.0,,,30.0,,150.0,,,
358,Mo1 Nb0.667 Ti0.667 V0.667 Zr0.667,BCC,ANNEAL,BCC,,,7.4,,C,25.0,1603.0,,,20.0,,156.0,,,
359,Mo1 Nb0.588 Ti0.588 V0.588 Zr0.588,BCC,ANNEAL,BCC,,,7.5,,C,25.0,1645.0,,,15.0,,161.0,,,
360,Mo1 Nb0.5 Ti0.5 V0.5 Zr0.5,BCC,ANNEAL,BCC,,,7.6,,C,25.0,1765.0,,,12.0,,169.0,,,
361,Mo1 Nb1 Ti1 V1 Zr1,BCC,ANNEAL,BCC,,,7.1,,C,25.0,1779.0,,,32.0,,141.0,,,
362,Mo1 Nb1 Ti1 V0.3 Zr1,BCC,ANNEAL,BCC,,,7.2,,C,25.0,1455.0,,,25.0,,142.0,,,
363,Mo0.1 Nb1 Ti1 V0.3 Zr1,BCC,ANNEAL,BCC,,,6.6,,C,25.0,932.0,,,45.0,,102.0,,,
364,Mo0.3 Nb1 Ti1 V0.3 Zr1,BCC,ANNEAL,BCC,,,6.8,,C,25.0,1312.0,,,50.0,,112.0,,,
365,Mo0.5 Nb1 Ti1 V0.3 Zr1,BCC,ANNEAL,BCC,,,6.9,,C,25.0,1301.0,,,43.0,,122.0,,,
366,Mo0.7 Nb1 Ti1 V0.3 Zr1,BCC,ANNEAL,BCC,,,7.1,,C,25.0,1436.0,,,27.0,,130.0,,,
367,Mo1 Nb0.769 Ti0.769 V0.231 Zr0.769,BCC,ANNEAL,BCC,,,7.4,,C,25.0,1603.0,,,20.0,,153.0,,,
368,Mo1 Nb0.667 Ti0.667 V0.2 Zr0.667,BCC,ANNEAL,BCC,,,7.5,,C,25.0,1576.0,,,8.0,,159.0,,,
369,Nb1 Ti1 V0.3 Zr1,BCC,ANNEAL,BCC,,,6.5,,C,25.0,866.0,,,45.0,,96.0,,,
370,Nb1 Ti1 V1 Zr1,BCC,ANNEAL,BCC,,,6.5,,C,25.0,1104.0,,,50.0,,100.0,,,
371,Mo1 Nb1 Ti1 V0.25 Zr1,BCC,CAST,BCC,,,7.3,,C,25.0,1776.0,3893.0,30.0,,,142.0,,,
372,Mo1 Nb1 Ti1 V0.5 Zr1,BCC,CAST,BCC,,,7.2,,C,25.0,1647.0,3307.0,28.0,,,142.0,,,
373,Mo1 Nb1 Ti1 V0.75 Zr1,BCC,CAST,BCC,,,7.2,,C,25.0,1708.0,3929.0,29.0,,,141.0,,,
374,Mo1 Nb1 Ti1 V1 Zr1,BCC,CAST,BCC,,,7.1,,C,25.0,1786.0,3828.0,26.0,,,141.0,,,
375,Mo0.667 Nb0.667 Ti0.667 V1 Zr0.667,BCC,CAST,BCC,,,7.1,,C,25.0,1735.0,3300.0,20.0,,,140.0,,,
376,Mo0.5 Nb0.5 Ti0.5 V1 Zr0.5,BCC,CAST,BCC,,,7.0,,C,25.0,1538.0,3176.0,23.0,,,139.0,,,
377,Mo0.333 Nb0.333 Ti0.333 V1 Zr0.333,BCC,CAST,BCC,,,6.9,,C,25.0,1418.0,2508.0,24.0,,,138.0,,,
378,Mo1 Nb1 Ti1 Zr1,BCC,CAST,BCC,,,7.3,,C,25.0,1592.0,3450.0,34.0,,,143.0,,,
389,Co1 Fe1 Ni1 V1,FCC,CAST,FCC,,,7.8,238.0,,25.0,,,,,,184.0,,,
391,Al0.25 Co1 Cr1 Cu1 Fe1 Mn1 Ni1 Ti1 V1,BCC,CAST,BCC,,,7.1,,C,25.0,1465.0,2016.0,2.0,,190.0,174.0,,,
394,Cu1 Mn1 Ni1 Zn0.333,FCC,CAST,FCC,,,8.3,147.0,C,25.0,215.0,,60.0,,,167.0,,,
395,Cu1 Mn1 Ni1 Zn0.25,FCC,CAST,FCC,,,8.3,109.0,C,25.0,140.0,,65.0,,,169.0,,,
398,Al0.053 Cu1 Mn1 Ni1,FCC,CAST,FCC,,,8.3,166.0,C,25.0,330.0,,45.0,,,173.0,,,
400,Al0.5 Co1 Cr1 Cu1 Fe1 Ni1,FCC,CAST,FCC,,,7.6,,C,1000.0,150.0,,,,,189.0,,,
401,Al0.5 Co1 Cr1 Cu1 Fe1 Ni1,FCC,CAST,FCC,,,7.6,,C,25.0,388.0,,,,,189.0,,,
402,Al0.5 Co1 Cr1 Cu1 Fe1 Ni1,FCC,CAST,FCC,,,7.6,,C,300.0,411.0,,,,,189.0,,,
403,Al0.5 Co1 Cr1 Cu1 Fe1 Ni1,FCC,CAST,FCC,,,7.6,,C,500.0,421.0,,,,,189.0,,,
404,Al0.5 Co1 Cr1 Cu1 Fe1 Ni1,FCC,CAST,FCC,,,7.6,,C,700.0,426.0,,,,,189.0,,,
405,Al0.5 Co1 Cr1 Cu1 Fe1 Ni1,FCC,CAST,FCC,,,7.6,,C,900.0,230.0,,,,,189.0,,,
406,Al0.5 Co1 Cr1 Cu1 Fe1 Ni1,FCC,CAST,FCC,,,7.6,,C,1100.0,80.0,,,,,189.0,,,
407,Al1 Co0.5 Cr0.5 Cu0.5 Fe0.5 Ni0.5,BCC,CAST,BCC,,,6.3,,C,1000.0,116.0,,,,,156.0,,,
408,Al1 Co0.5 Cr0.5 Cu0.5 Fe0.5 Ni0.5,BCC,CAST,BCC,,,6.3,,C,1100.0,79.0,,,,,156.0,,,
409,Al1 Co0.5 Cr0.5 Cu0.5 Fe0.5 Ni0.5,BCC,CAST,BCC,,,6.3,,C,25.0,1620.0,,,,,156.0,,,
410,Al1 Co0.5 Cr0.5 Cu0.5 Fe0.5 Ni0.5,BCC,CAST,BCC,,,6.3,,C,600.0,805.0,,,,,156.0,,,
411,Al1 Co0.5 Cr0.5 Cu0.5 Fe0.5 Ni0.5,BCC,CAST,BCC,,,6.3,,C,500.0,1120.0,,,,,156.0,,,
412,Al1 Co0.5 Cr0.5 Cu0.5 Fe0.5 Ni0.5,BCC,CAST,BCC,,,6.3,,C,700.0,567.0,,,,,156.0,,,
413,Al1 Co0.5 Cr0.5 Cu0.5 Fe0.5 Ni0.5,BCC,CAST,BCC,,,6.3,,C,900.0,214.0,,,,,156.0,,,
414,Al1 Co0.5 Cr0.5 Cu0.5 Fe0.5 Ni0.5,BCC,CAST,BCC,,,6.3,,C,800.0,302.0,,,,,156.0,,,
421,Al1 Cr1 Mo1 Nb1 Ti1,BCC,CAST,BCC,,,6.6,,C,25.0,,,,,,170.0,92.0,,
422,Al1 Cr1 Mo1 Nb1 Ti1,BCC,CAST,BCC,,,6.6,,C,400.0,1080.0,1100.0,2.0,,,170.0,92.0,,
423,Al1 Cr1 Mo1 Nb1 Ti1,BCC,CAST,BCC,,,6.6,,C,600.0,1060.0,1170.0,3.0,,,170.0,92.0,,
424,Al1 Cr1 Mo1 Nb1 Ti1,BCC,CAST,BCC,,,6.6,,C,800.0,860.0,1000.0,2.0,,,170.0,92.0,,
425,Al1 Cr1 Mo1 Nb1 Ti1,BCC,CAST,BCC,,,6.6,,C,1000.0,594.0,630.0,15.0,,,170.0,92.0,,
426,Al1 Cr1 Mo1 Nb1 Ti1,BCC,CAST,BCC,,,6.6,,C,1200.0,105.0,116.0,24.0,,,170.0,92.0,,
427,Al1 Cr1 Mo1 Nb1 Ti1,BCC,ANNEAL,BCC,,,6.6,,C,600.0,930.0,,,,,170.0,92.0,,
428,Al1 Cr1 Mo1 Nb1 Ti1,BCC,ANNEAL,BCC,,,6.6,,C,800.0,875.0,,,,,170.0,,,
429,Al1 Cr1 Mo1 Nb1 Ti1,BCC,ANNEAL,BCC,,,6.6,,C,1000.0,550.0,,,,,170.0,,,
430,Al1 Cr1 Mo1 Nb1 Ti1,BCC,ANNEAL,BCC,,,6.6,,C,1200.0,150.0,,,,,170.0,,,
431,Al1 Cr1 Mo1 Ti1,BCC,ANNEAL,BCC,,,6.0,,C,400.0,1070.0,,,,,189.0,,,
432,Al1 Cr1 Mo1 Ti1,BCC,ANNEAL,BCC,,,6.0,,C,600.0,1020.0,,,,,189.0,,,
433,Al1 Cr1 Mo1 Ti1,BCC,ANNEAL,BCC,,,6.0,,C,800.0,875.0,,,,,189.0,,,
434,Al1 Cr1 Mo1 Ti1,BCC,ANNEAL,BCC,,,6.0,,C,1000.0,375.0,,,,,189.0,,,
435,Al1 Cr1 Mo1 Ti1,BCC,ANNEAL,BCC,,,6.0,,C,1200.0,100.0,,,,,189.0,,,
436,Al1 Mo1 Nb1 Ti1,BCC,ANNEAL,BCC,,,6.5,,C,600.0,520.0,,,,,151.0,,,
437,Al1 Mo1 Nb1 Ti1,BCC,ANNEAL,BCC,,,6.5,,C,800.0,500.0,,,,,151.0,,,
438,Al1 Mo1 Nb1 Ti1,BCC,ANNEAL,BCC,,,6.5,,C,1000.0,540.0,,,,,151.0,,,
439,Al1 Mo1 Nb1 Ti1,BCC,ANNEAL,BCC,,,6.5,,C,1200.0,200.0,,,,,151.0,,,
461,Co1 Cr1 Mo1 Nb1 Ti0.4,BCC,CAST,BCC,,,8.3,,C,25.0,,1771.3,,,,212.0,,,
469,Hf1 Nb1 Ti1 V1 Zr1,BCC,ANNEAL,BCC,,,8.1,,C,25.0,1253.0,1393.0,,,,95.0,,,
470,Hf1 Nb1 Ti1 V1 Zr1,BCC,ANNEAL,BCC,,,8.1,,C,25.0,1140.0,1463.0,,,,95.0,,,
471,Hf1 Nb1 Ti1 V1 Zr1,BCC,ANNEAL,BCC,,,8.1,,C,25.0,1120.0,1376.0,30.0,,,95.0,,,
479,Hf0.26 Nb1 Ta1 Ti0.578 Zr0.416,BCC,CAST,BCC,,,10.4,,C,60.0,795.0,,,,,122.0,,,
480,Hf0.26 Nb1 Ta1 Ti0.578 Zr0.416,BCC,CAST,BCC,,,10.4,,C,100.0,765.0,,,,,122.0,,,
481,Hf0.26 Nb1 Ta1 Ti0.578 Zr0.416,BCC,CAST,BCC,,,10.4,,C,200.0,650.0,,,,,122.0,,,
482,Hf0.26 Nb1 Ta1 Ti0.578 Zr0.416,BCC,CAST,BCC,,,10.4,,C,300.0,590.0,,,,,122.0,,,
483,Hf0.26 Nb1 Ta1 Ti0.578 Zr0.416,BCC,CAST,BCC,,,10.4,,C,25.0,845.0,,,,,122.0,,,
490,Hf0.5 Nb0.667 Ta0.333 Ti1 Zr0.833,BCC,WROUGHT,BCC,,,8.4,,C,-268.8,2250.0,,,,,100.0,,,
491,Hf0.5 Nb0.667 Ta0.333 Ti1 Zr0.833,BCC,WROUGHT,BCC,,,8.4,,C,-268.8,2210.0,,,,,100.0,,,
492,Hf0.5 Nb0.667 Ta0.333 Ti1 Zr0.833,BCC,WROUGHT,BCC,,,8.4,,C,-196.0,1880.0,,,,,100.0,,,
493,Hf0.5 Nb0.667 Ta0.333 Ti1 Zr0.833,BCC,WROUGHT,BCC,,,8.4,,C,-196.0,1750.0,,,,,100.0,,,
494,Hf0.5 Nb0.667 Ta0.333 Ti1 Zr0.833,BCC,WROUGHT,BCC,,,8.4,,C,-153.0,1640.0,,,,,100.0,,,
495,Hf0.5 Nb0.667 Ta0.333 Ti1 Zr0.833,BCC,WROUGHT,BCC,,,8.4,,C,-153.0,1550.0,,,,,100.0,,,
496,Hf0.5 Nb0.667 Ta0.333 Ti1 Zr0.833,BCC,WROUGHT,BCC,,,8.4,,C,-103.0,1380.0,,,,,100.0,,,
497,Hf0.5 Nb0.667 Ta0.333 Ti1 Zr0.833,BCC,WROUGHT,BCC,,,8.4,,C,-103.0,1370.0,,,,,100.0,,,
498,Hf0.5 Nb0.667 Ta0.333 Ti1 Zr0.833,BCC,WROUGHT,BCC,,,8.4,,C,-43.0,1200.0,,,,,100.0,,,
499,Hf0.5 Nb0.667 Ta0.333 Ti1 Zr0.833,BCC,WROUGHT,BCC,,,8.4,,C,-43.0,1180.0,,,,,100.0,,,
500,Hf0.5 Nb0.667 Ta0.333 Ti1 Zr0.833,BCC,WROUGHT,BCC,,,8.4,,C,72.0,1040.0,,,,,100.0,,,
501,Hf0.5 Nb0.667 Ta0.333 Ti1 Zr0.833,BCC,WROUGHT,BCC,,,8.4,,C,72.0,1020.0,,,,,100.0,,,
502,Hf0.5 Nb0.667 Ta0.333 Ti1 Zr0.833,BCC,WROUGHT,BCC,,,8.4,,C,25.0,1150.0,,,,,100.0,,,
503,Hf0.5 Nb0.667 Ta0.333 Ti1 Zr0.833,BCC,WROUGHT,BCC,,,8.4,,C,25.0,1100.0,,,,,100.0,,,
504,Hf0.5 Nb0.667 Ta0.333 Ti1 Zr0.833,BCC,WROUGHT,BCC,,,8.4,,C,-268.8,2390.0,,,,,100.0,,,
505,Hf0.5 Nb0.667 Ta0.333 Ti1 Zr0.833,BCC,WROUGHT,BCC,,,8.4,,C,-196.0,1920.0,,,,,100.0,,,
506,Hf0.5 Nb0.667 Ta0.333 Ti1 Zr0.833,BCC,WROUGHT,BCC,,,8.4,,C,-153.0,1370.0,,,,,100.0,,,
507,Hf0.5 Nb0.667 Ta0.333 Ti1 Zr0.833,BCC,WROUGHT,BCC,,,8.4,,C,-103.0,1250.0,,,,,100.0,,,
508,Hf0.5 Nb0.667 Ta0.333 Ti1 Zr0.833,BCC,WROUGHT,BCC,,,8.4,,C,-43.0,1020.0,,,,,100.0,,,
509,Hf0.5 Nb0.667 Ta0.333 Ti1 Zr0.833,BCC,WROUGHT,BCC,,,8.4,,C,72.0,640.0,,,,,100.0,,,
510,Hf0.5 Nb0.667 Ta0.333 Ti1 Zr0.833,BCC,WROUGHT,BCC,,,8.4,,C,25.0,890.0,,,,,100.0,,,
520,Hf1 Mo0.5 Nb1 Ti1 V0.5,BCC,CAST,BCC,,,9.0,,C,1000.0,368.0,394.0,,,,126.0,,,
521,Hf1 Mo0.5 Nb1 Ti1 V0.5,BCC,CAST,BCC,,,9.0,,C,1200.0,60.0,,,,,126.0,,,
522,Hf1 Mo0.5 Nb1 Ti1 V0.5,BCC,CAST,BCC,,,9.0,,C,25.0,1260.0,,,,,126.0,,,
523,Hf0.787 Nb0.142 Ta0.142 Ti1 Zr0.787,BCC,WROUGHT,BCC,,,8.5,,T,25.0,540.0,995.0,,,,92.0,,,
540,Hf1 Nb1 Ta1 Ti1 Zr1,BCC,OTHER,BCC,0.05,,9.9,420.0,T,25.0,1900.0,,7.9,,,107.0,,,
543,Hf1 Nb1 Ta1 Ti1 Zr1,BCC,WROUGHT,BCC,100.0,,9.9,309.0,T,25.0,830.0,840.0,9.2,,,107.0,,,
544,Hf1 Nb1 Ta1 Ti1 Zr1,BCC,WROUGHT,BCC,,,9.9,366.0,T,25.0,1202.0,1295.0,4.7,,,107.0,,,
546,Hf1 Nb1 Ta1 Ti1 Zr1,BCC,WROUGHT,BCC,,,9.9,351.0,T,25.0,1145.0,1262.0,9.7,,,107.0,,,
547,Hf1 Nb1 Ta1 Ti1 Zr1,BCC,WROUGHT,BCC,,,9.9,,T,25.0,958.0,974.0,,,,107.0,,,
548,Hf1 Nb1 Ta1 Ti1 Zr1,BCC,WROUGHT,BCC,,,9.9,,T,25.0,944.0,959.0,,,,107.0,,,
549,Hf1 Nb1 Ta1 Ti1 Zr1,BCC,WROUGHT,BCC,,,9.9,,T,25.0,940.0,953.0,,,,107.0,,,
550,Hf1 Nb1 Ta1 Ti1 Zr1,BCC,WROUGHT,BCC,,,9.9,,T,25.0,940.0,1080.0,,,,107.0,,,
551,Hf1 Nb1 Ta1 Ti1 Zr1,BCC,CAST,BCC,,,9.9,,C,25.0,905.0,,,,,107.0,,,
552,Hf1 Nb1 Ta1 Ti1 Zr1,BCC,CAST,BCC,,,9.9,,C,25.0,890.0,,,,,107.0,,,
553,Hf1 Nb1 Ta1 Ti1 Zr1,BCC,CAST,BCC,,,9.9,,T,25.0,828.0,862.0,,,,107.0,,,
554,Hf1 Nb1 Ta1 Ti1 Zr1,BCC,CAST,BCC,,,9.9,,T,25.0,827.0,856.0,,,,107.0,,,
555,Hf1 Nb1 Ta1 Ti1 Zr1,BCC,CAST,BCC,,,9.9,,T,25.0,820.0,869.0,,,,107.0,,,
556,Hf1 Nb1 Ta1 Ti1 Zr1,BCC,CAST,BCC,,,9.9,,T,25.0,803.0,810.0,,,,107.0,,,
557,Al0.2 Mo1 Ta1 Ti1 V1,BCC,CAST,BCC,,,9.3,,C,25.0,1021.0,1249.0,,,,183.0,,,
558,Al0.6 Mo1 Ta1 Ti1 V1,BCC,CAST,BCC,,,8.7,,C,25.0,962.0,1033.0,,,,173.0,,,
559,Al1 Mo1 Ta1 Ti1 V1,BCC,CAST,BCC,,,8.2,,C,25.0,,735.0,,,,165.0,,,
560,Mo1 Ta1 Ti1 V1,BCC,CAST,BCC,,,9.6,,C,25.0,1221.0,1454.0,,,,189.0,,,
565,Hf1 Nb1 Ta1 Zr1,BCC,CAST,BCC,,,11.1,365.0,C,25.0,1315.0,1800.0,21.6,,,105.0,,,
569,Hf1 Ta1 Ti1 Zr1,BCC,CAST,BCC,,,10.2,,T,25.0,1500.0,1500.0,,,,107.0,,,
570,Mo1 Nb1 Ta1 Ti0.25 W1,BCC,CAST,BCC,,,13.1,478.3,C,25.0,1109.0,1197.0,,,,242.0,,,
571,Mo1 Nb1 Ta1 Ti0.5 W1,BCC,CAST,BCC,,,12.6,481.2,C,25.0,1211.0,1578.0,,,,234.0,,,
572,Mo1 Nb1 Ta1 Ti0.75 W1,BCC,CAST,BCC,,,12.2,495.6,C,25.0,1304.0,1593.0,,,,228.0,,,
573,Mo1 Nb1 Ta1 Ti1 W1,BCC,CAST,BCC,,,11.8,507.5,C,25.0,1455.0,1910.0,,,,222.0,,,
574,Mo1 Nb1 Ta1 W1,BCC,CAST,BCC,,,13.7,,C,25.0,996.0,1148.0,,,,250.0,,,
575,Mo1 Nb1 Ta1 Ti1 V1,BCC,CAST,BCC,,,9.4,,C,25.0,1400.0,2450.0,,,,171.0,,,
576,Mo1 Nb1 Ta1 Ti1 V1 W1,BCC,CAST,BCC,,,11.0,,C,600.0,973.0,1590.0,,,,209.0,,,
577,Mo1 Nb1 Ta1 Ti1 V1 W1,BCC,CAST,BCC,,,11.0,,C,800.0,791.3,1180.0,,,,209.0,,,
578,Mo1 Nb1 Ta1 Ti1 V1 W1,BCC,CAST,BCC,,,11.0,,C,1000.0,752.8,1105.0,,,,209.0,,,
579,Mo1 Nb1 Ta1 Ti1 V1 W1,BCC,CAST,BCC,,,11.0,,C,1200.0,659.0,696.0,,,,209.0,,,
580,Mo1 Nb1 Ta1 Ti1 V1 W1,BCC,CAST,BCC,,,11.0,,C,25.0,1515.0,2135.0,,,,209.0,,,
581,Mo1 Nb1 Ta1 Ti1 W1,BCC,CAST,BCC,,,11.8,,C,600.0,689.0,1681.0,,,,222.0,,,
582,Mo1 Nb1 Ta1 Ti1 W1,BCC,CAST,BCC,,,11.8,,C,800.0,674.0,1618.0,,,,222.0,,,
583,Mo1 Nb1 Ta1 Ti1 W1,BCC,CAST,BCC,,,11.8,,C,1000.0,620.0,1426.0,,,,222.0,,,
584,Mo1 Nb1 Ta1 Ti1 W1,BCC,CAST,BCC,,,11.8,,C,1200.0,586.0,814.0,,,,222.0,,,
585,Mo1 Nb1 Ta1 Ti1 W1,BCC,CAST,BCC,,,11.8,,C,25.0,1343.0,2005.0,,,,222.0,,,
589,Mo1 Nb1 Ta1 V1 W1,BCC,POWDER,BCC,,,12.4,,C,25.0,2612.0,3472.0,,,,229.0,,,
590,Nb1 Ta1 Ti1 V1,BCC,CAST,BCC,,,9.2,,C,25.0,965.0,,,,,134.0,,,
591,Nb1 Ta1 Ti1 V1 W1,BCC,CAST,BCC,,,11.1,,C,25.0,1420.0,1800.0,20.0,,,187.0,,,
592,Nb1 Ta1 V1 W1,BCC,CAST,BCC,,,12.9,,C,25.0,1530.0,1700.0,12.0,,,206.0,,,
597,Al0.25 Cr0.5 Nb0.5 Ti1 V0.25,BCC,CAST,BCC,,,5.8,,C,25.0,1240.0,,,,,134.0,,,
598,Al1 Cr0.5 Nb1 Ti1 V1,BCC,ANNEAL,BCC,,,5.6,,C,600.0,1005.0,1045.0,,,,119.0,,,
599,Al1 Cr0.5 Nb1 Ti1 V1,BCC,ANNEAL,BCC,,,5.6,,C,800.0,640.0,685.0,,,,119.0,,,
600,Al1 Cr0.5 Nb1 Ti1 V1,BCC,ANNEAL,BCC,,,5.6,,C,1000.0,40.0,80.0,,,,119.0,,,
601,Al1 Cr0.5 Nb1 Ti1 V1,BCC,ANNEAL,BCC,,,5.6,,C,25.0,1300.0,1430.0,,,,119.0,,,
610,Al1 Nb1 Ti1 V1,BCC,ANNEAL,BCC,,,5.5,,C,600.0,780.0,1005.0,,,,104.0,,,
611,Al1 Nb1 Ti1 V1,BCC,ANNEAL,BCC,,,5.5,,C,800.0,560.0,700.0,,,,104.0,,,
612,Al1 Nb1 Ti1 V1,BCC,ANNEAL,BCC,,,5.5,,C,1000.0,110.0,,,,,104.0,,,
613,Al1 Nb1 Ti1 V1,BCC,ANNEAL,BCC,,,5.5,,C,25.0,1000.0,1280.0,,,,104.0,,,
630,Co1 Cr1 Fe1 Mn1 Ni1,FCC,WROUGHT,FCC,4.4,,8.0,,T,25.0,370.0,670.0,56.0,,,220.0,,,
640,Al0.304 Co1 Cr1 Fe1 Ni1,FCC,,FCC,53.0,,7.6,,T,25.0,260.0,620.0,87.0,,,210.0,,,
642,Al0.304 Co1 Cr1 Fe1 Ni1,FCC,WROUGHT,FCC,,,7.6,,,,,,,,,210.0,,,
645,Al0.304 Co1 Cr1 Fe1 Ni1,FCC,WROUGHT,FCC,144.0,,7.6,,T,25.0,159.0,410.0,65.0,,,210.0,,,
648,Al0.304 Co1 Cr1 Fe1 Ni1,FCC,WROUGHT,FCC,23.0,,7.6,,T,25.0,263.0,589.0,60.0,,,210.0,,,
654,Al0.304 Co1 Cr1 Fe1 Ni1,FCC,ANNEAL,FCC,,,7.6,,,,,,,,,210.0,,,
655,Al0.304 Co1 Cr1 Fe1 Ni1,FCC,ANNEAL,FCC,,,7.6,,,,,,,,,210.0,,,
678,Co1 Cr0.429 Fe0.571 Mo0.286 Ni0.571,FCC,CAST,FCC,,,8.6,,T,25.0,350.0,720.0,21.9,,,234.0,,,
684,Co1 Cr0.429 Fe0.571 Mo0.286 Ni0.571,FCC,WROUGHT,FCC,,,8.6,,T,25.0,350.0,918.0,62.4,,,234.0,,,
685,Co1 Cr1 Fe1 Ni1,FCC,CAST,FCC,,,8.2,,T,25.0,155.0,472.4,58.9,,,226.0,,,
692,Co1 Cr1 Fe1 Mn1 Ni1,FCC,WROUGHT,FCC,13.0,,8.0,,T,25.0,243.0,558.0,50.0,,,220.0,,,
694,Co1 Cr1 Fe1 Mn1 Ni1,FCC,WROUGHT,FCC,7.0,,8.0,,T,25.0,249.0,621.0,41.0,,,220.0,,,
696,Co1 Cr1 Fe1 Ni1,FCC,ANNEAL,FCC,,,8.2,,T,25.0,190.0,453.0,70.0,,,226.0,,,
697,Al0.167 Co1 Cr1 Fe1 Ni1 Ti0.083,FCC,ANNEAL,FCC,289.7,,7.8,,T,25.0,210.0,503.0,70.0,,,214.0,,,
724,Co1 Cr1 Fe1 Mn1 Ni1,FCC,ANNEAL,FCC,,,8.0,,C,25.0,230.0,,75.0,,,220.0,,,
729,Al0.304 Co1 Cr1 Fe1 Ni1,FCC,CAST,FCC,,,7.6,,C,25.0,,,25.0,,,210.0,,,
730,Co1 Cr1 Fe1 Ni1,FCC,CAST,FCC,,,8.2,,C,25.0,,,83.0,,,226.0,,,
734,Al0.108 Co0.514 Cr0.514 Cu0.108 Fe0.514 Ni1,FCC,WROUGHT,FCC,,,8.0,,T,25.0,719.0,1048.0,30.0,,,209.0,,,
740,Al0.5 Co1 Cr1 Cu1 Fe1 Ni1,FCC,WROUGHT,FCC,,,7.6,,T,25.0,1290.0,1400.0,5.0,,,189.0,,,
748,Al0.5 Co1 Cr1 Cu1 Fe1 Ni1,FCC,WROUGHT,FCC,,,7.6,,T,700.0,180.0,185.0,5.0,,,189.0,,,
750,Co1 Cr1 Fe1 Ni1 Ti0.2,FCC,WROUGHT,FCC,51.0,,7.9,,T,25.0,700.0,1240.0,36.0,,,218.0,,,
751,Co1 Cr1 Fe1 Ni1 Ti0.2,FCC,WROUGHT,FCC,,,7.9,,T,-196.0,860.0,1580.0,46.0,,,218.0,,,
752,Al0.1 Co1 Cr1 Fe1 Ni1,FCC,WROUGHT,FCC,20.0,,8.0,,T,25.0,1198.0,,1.5,,,220.0,,,
753,Al0.1 Co1 Cr1 Fe1 Ni1,FCC,WROUGHT,FCC,20.0,,8.0,,T,25.0,1403.0,,1.2,,,220.0,,,
754,Al0.1 Co1 Cr1 Fe1 Ni1,FCC,WROUGHT,FCC,20.0,,8.0,,T,25.0,711.0,928.0,30.3,,,220.0,,,
755,Al0.1 Co1 Cr1 Fe1 Ni1,FCC,WROUGHT,FCC,7.0,,8.0,,T,25.0,356.0,,42.4,,,220.0,,,
756,Co1 Cr1 Fe1 Mn1 Ni1,FCC,WROUGHT,FCC,0.5,,8.0,,T,25.0,1120.0,,1.1,,,220.0,,,
757,Co1 Cr1 Fe1 Mn1 Ni1,FCC,WROUGHT,FCC,,,8.0,,T,-196.0,1692.0,,10.3,,,220.0,,,
762,Al0.25 Cr0.417 Fe0.417 Ni1,FCC,CAST,FCC,,,7.3,,T,25.0,441.0,757.0,45.0,,,196.0,,,
763,Co1 Cr1 Ni1,FCC,WROUGHT,FCC,1.6,,8.3,468.0,T,25.0,1100.0,,23.0,,,231.0,,,
764,Co1 Cr1 Ni1,FCC,WROUGHT,FCC,2.3,,8.3,326.0,T,25.0,597.0,,53.0,,,231.0,,,
765,Co1 Cr1 Ni1,FCC,WROUGHT,FCC,24.0,,8.3,223.0,T,25.0,346.0,,76.0,,,231.0,,,
769,Co1 Cr1 Fe1 Mn1 Ni1,FCC,CAST,FCC,,,8.0,130.2,C,25.0,210.0,,57.0,,,220.0,,,
770,Co1 Cr1 Fe1 Mn1 Ni1,FCC,WROUGHT,FCC,,,8.0,394.1,C,25.0,1150.0,,6.0,,,220.0,,,
771,Co1 Cr1 Fe1 Mn1 Ni1,FCC,WROUGHT,FCC,,,8.0,430.7,C,25.0,1300.0,,0.7,,,220.0,,,
772,Nb1 Ta1 Ti1 V1,BCC,POWDER,BCC,24.0,,9.2,427.9,C,25.0,1108.0,,28.3,,,134.0,,,
773,Nb1 Ta1 Ti1 V1,BCC,POWDER,BCC,30.0,,9.2,444.3,C,25.0,1308.0,,27.9,,,134.0,,,
774,Nb1 Ta1 Ti1 V1,BCC,POWDER,BCC,38.0,,9.2,510.9,C,25.0,1373.0,,29.5,,,134.0,4800.0,,1900.0
775,Co1 Cr1 Fe1 Mn1 Ni1,FCC,WROUGHT,FCC,30.0,,8.0,,T,25.0,300.0,676.0,52.0,,,220.0,,,
776,Co1 Cr1 Fe1 Mn1 Ni1,FCC,WROUGHT,FCC,0.65,,8.0,,T,25.0,800.0,888.0,39.5,,,220.0,,,
783,Co1 Cr1 Fe1 Ni1,FCC,WROUGHT,FCC,,,8.2,,T,20.0,446.0,664.0,63.0,,189.0,226.0,,,
784,Co1 Cr1 Fe1 Ni1,FCC,WROUGHT,FCC,,,8.2,,T,-73.0,488.0,790.0,72.0,,194.0,226.0,,,
785,Co1 Cr1 Fe1 Ni1,FCC,WROUGHT,FCC,,,8.2,,T,-196.0,590.0,1070.0,78.0,,204.0,226.0,,,
786,Co1 Cr1 Fe1 Ni1,FCC,WROUGHT,FCC,,,8.2,,T,-223.0,,1152.0,68.6,,,226.0,,,
787,Co1 Cr1 Fe1 Ni1,FCC,WROUGHT,FCC,,,8.2,,T,-253.0,,1240.0,62.0,,,226.0,,,
788,Co1 Cr1 Fe1 Ni1,FCC,WROUGHT,FCC,,,8.2,,T,-268.8,680.0,1251.0,61.6,,221.0,226.0,,,
789,Co1 Cr1 Fe1 Ni1,FCC,CAST,FCC,,,8.2,94.7,,,,,,,,226.0,,,
790,Al0.3 Co1 Cr1 Fe1 Ni1,FCC,CAST,FCC,,,7.6,117.0,,,,,,,,210.0,,,
794,Co1 Cr1 Fe1 Mn1 Ni1,FCC,CAST,FCC,,,8.0,,C,25.0,216.0,,,,,220.0,,,
795,Co1 Cr1 Fe1 Mn1 Mo0.042 Ni1,FCC,CAST,FCC,,,8.1,,C,25.0,225.0,,,,,221.0,,,
805,Co1 Cr1 Fe1 Mn1 Ni1,FCC,WROUGHT,FCC,7.9,,8.0,,T,25.0,378.7,700.1,54.0,,,220.0,,,
808,Co1 Cr0.588 Fe0.176 Mo0.176 Ni1,FCC,WROUGHT,FCC,,,8.6,,T,25.0,,,8.0,,,231.0,,,
809,Co1 Cr0.588 Fe0.176 Mo0.176 Ni1,FCC,WROUGHT,FCC,0.7,,8.6,,T,25.0,,,14.0,,,231.0,,,
810,Co1 Cr0.588 Fe0.176 Mo0.176 Ni1,FCC,WROUGHT,FCC,0.8,,8.6,,T,25.0,1100.0,1300.0,32.0,,,231.0,,,
811,Co1 Cr0.588 Fe0.176 Mo0.176 Ni1,FCC,WROUGHT,FCC,1.2,,8.6,,T,25.0,950.0,,36.0,,,231.0,,,
812,Co1 Cr0.588 Fe0.176 Mo0.176 Ni1,FCC,WROUGHT,FCC,3.2,,8.6,,T,25.0,649.0,,42.0,,,231.0,,,
813,Co1 Cr0.588 Fe0.176 Mo0.176 Ni1,FCC,WROUGHT,FCC,18.2,,8.6,,T,25.0,439.0,,63.0,,,231.0,,,
814,Co1 Cr0.588 Fe0.176 Mo0.176 Ni1,FCC,WROUGHT,FCC,94.1,,8.6,,T,25.0,309.0,,82.0,,,231.0,,,
815,Co1 Cr1 Fe1 Mn1 Ni1,FCC,WROUGHT,FCC,,,8.0,,T,25.0,386.2,666.3,57.5,,,220.0,,,
828,Al0.5 Co1 Cr1 Cu1 Fe1 Ni1,FCC,CAST,FCC,,,7.6,160.0,,,,,,,,189.0,,,
838,Al0.3 Co1 Cr1 Fe1 Ni1,FCC,WROUGHT,FCC,,,7.6,,T,25.0,159.0,410.0,65.0,,,210.0,,,
840,Hf1 Nb1 Ta1 Ti1 Zr1,BCC,WROUGHT,BCC,,,9.9,,,,,,,,,107.0,,,
841,Co0.5 Cr0.5 Fe1 Ni1,FCC,WROUGHT,FCC,14.9,,8.2,,T,25.0,214.0,612.0,77.3,,,219.0,,,
842,Co0.875 Cr0.625 Fe1 Ni1,FCC,WROUGHT,FCC,11.6,,8.3,,T,25.0,241.0,721.0,96.2,,,220.0,,,
843,Co1 Cr0.556 Fe0.667 Ni0.667,FCC,WROUGHT,FCC,10.5,,8.3,,T,25.0,299.0,841.0,76.1,,,222.0,,,
846,Hf1 Nb1 Ti1 Zr1,BCC,WROUGHT,BCC,,,8.4,,,,,,,,69.7,89.0,,,
896,Co0.986 Cr0.952 Fe0.933 Mn0.914 Ni1,BCC,WROUGHT,BCC,,,8.0,,T,25.0,1290.0,1415.0,1.1,,,220.0,,,
900,Co0.986 Cr0.952 Fe0.933 Mn0.914 Ni1,FCC,WROUGHT,FCC,17.1,,8.0,,T,25.0,270.0,630.0,46.2,,,220.0,,,
902,Al0.4 Hf0.6 Nb1 Ta1 Ti1 Zr1,BCC,OTHER,BCC,,9.08,9.1,,C,23.0,1841.0,,,,,107.0,,,
903,Al1 Cr1 Mo1 Ti1,BCC,ANNEAL,BCC,,5.98,6.0,,C,23.0,1100.0,,,,,189.0,,,
904,Al1 Mo1 Nb1 Ti1,BCC,ANNEAL,BCC,,6.46,6.5,,C,23.0,1100.0,,,,,151.0,,,
905,Hf1 Mo0.5 Nb1 Ti1 V0.5,BCC,CAST,BCC,,8.96,9.0,,C,23.0,1260.0,,,,,126.0,,,
906,Hf1 Mo1 Nb1 Ta1 Ti1 Zr1,BCC,CAST,BCC,,9.93,9.9,,C,23.0,1512.0,,,,,137.0,,,
907,Hf1 Mo1 Nb1 Ti1 Zr1,BCC,CAST,BCC,,8.68,8.7,,C,23.0,1575.0,,,,,128.0,,,
908,Hf1 Mo1 Ta1 Ti1 Zr1,BCC,CAST,BCC,,10.18,10.2,,C,23.0,1600.0,,,,,143.0,,,
909,Hf1 Nb1 Ta1 Ti1 Zr1,BCC,OTHER,BCC,,9.89,9.9,,C,23.0,929.0,,,,,107.0,,,
910,Mo1 Nb1 Ta1 Ti1 V1 W1,BCC,CAST,BCC,,10.91,11.0,,C,23.0,1515.0,,,,,209.0,,,
911,Mo1 Nb1 Ta1 Ti1 W1,BCC,CAST,BCC,,11.72,11.8,,C,23.0,1343.0,,,,,222.0,,,
912,Mo1 Nb1 Ta1 V1 W1,BCC,OTHER,BCC,,12.29,12.4,,C,23.0,1246.0,,,,,229.0,,,
913,Mo1 Nb1 Ta1 W1,BCC,OTHER,BCC,,13.6,13.7,,C,23.0,996.0,,,,,250.0,,,
914,Mo1 Nb1 Ti1,BCC,OTHER,BCC,,7.67,7.7,,C,23.0,1100.0,,,,,177.0,,,
915,Nb1 Ta0.3 Ti1 Zr1,BCC,OTHER,BCC,,7.81,7.4,,C,23.0,882.0,,,,,101.0,,,
916,Nb1 Ti1 Zr1,BCC,OTHER,BCC,,6.63,6.5,,C,23.0,975.0,,,,,94.0,,,
928,Al0.4 Hf0.6 Nb1 Ta1 Ti1 Zr1,BCC,OTHER,BCC,,9.08,9.1,,C,1000.0,298.0,,,,,107.0,,,
929,Al1 Cr1 Mo1 Ti1,BCC,ANNEAL,BCC,,5.98,6.0,,C,1000.0,375.0,,,,,189.0,,,
930,Al1 Mo1 Nb1 Ti1,BCC,ANNEAL,BCC,,6.46,6.5,,C,1000.0,540.0,,,,,151.0,,,
931,Hf1 Mo0.5 Nb1 Ti1 V0.5,BCC,CAST,BCC,,8.96,9.0,,C,1000.0,368.0,,,,,126.0,,,
932,Hf1 Mo1 Nb1 Ta1 Ti1 Zr1,BCC,CAST,BCC,,9.93,9.9,,C,1000.0,814.0,,,,,137.0,,,
933,Hf1 Mo1 Nb1 Ti1 Zr1,BCC,CAST,BCC,,8.68,8.7,,C,1000.0,635.0,,,,,128.0,,,
934,Hf1 Mo1 Ta1 Ti1 Zr1,BCC,CAST,BCC,,10.18,10.2,,C,1000.0,855.0,,,,,143.0,,,
935,Hf1 Nb1 Ta1 Ti1 Zr1,BCC,OTHER,BCC,,9.89,9.9,,C,1000.0,295.0,,,,,107.0,,,
936,Mo1 Nb1 Ta1 Ti1 V1 W1,BCC,CAST,BCC,,10.91,11.0,,C,1000.0,753.0,,,,,209.0,,,
937,Mo1 Nb1 Ta1 Ti1 W1,BCC,CAST,BCC,,11.72,11.8,,C,1000.0,620.0,,,,,222.0,,,
938,Mo1 Nb1 Ta1 V1 W1,BCC,OTHER,BCC,,12.29,12.4,,C,1000.0,842.0,,,,,229.0,,,
939,Mo1 Nb1 Ta1 W1,BCC,OTHER,BCC,,13.6,13.7,,C,1000.0,548.0,,,,,250.0,,,
940,Mo1 Nb1 Ti1,BCC,OTHER,BCC,,7.67,7.7,,C,1000.0,504.0,,,,,177.0,,,
941,Nb1 Ta0.3 Ti1 Zr1,BCC,OTHER,BCC,,7.81,7.4,,C,1000.0,274.0,,,,,101.0,,,
942,Nb1 Ti1 Zr1,BCC,OTHER,BCC,,6.63,6.5,,C,1000.0,141.0,,,,,94.0,,,
954,Al0.4 Hf0.6 Nb1 Ta1 Ti1 Zr1,BCC,OTHER,BCC,,9.08,9.1,,C,1200.0,89.0,,,,,107.0,,,
955,Al1 Cr1 Mo1 Ti1,BCC,ANNEAL,BCC,,5.98,6.0,,C,1200.0,100.0,,,,,189.0,,,
956,Al1 Mo1 Nb1 Ti1,BCC,ANNEAL,BCC,,6.46,6.5,,C,1200.0,200.0,,,,,151.0,,,
957,Hf1 Mo0.5 Nb1 Ti1 V0.5,BCC,CAST,BCC,,8.96,9.0,,C,1200.0,60.0,,,,,126.0,,,
958,Hf1 Mo1 Nb1 Ta1 Ti1 Zr1,BCC,CAST,BCC,,9.93,9.9,,C,1200.0,556.0,,,,,137.0,,,
959,Hf1 Mo1 Nb1 Ti1 Zr1,BCC,CAST,BCC,,8.68,8.7,,C,1200.0,187.0,,,,,128.0,,,
960,Hf1 Mo1 Ta1 Ti1 Zr1,BCC,CAST,BCC,,10.18,10.2,,C,1200.0,404.0,,,,,143.0,,,
961,Hf1 Nb1 Ta1 Ti1 Zr1,BCC,OTHER,BCC,,9.89,9.9,,C,1200.0,92.0,,,,,107.0,,,
962,Mo1 Nb1 Ta1 Ti1 V1 W1,BCC,CAST,BCC,,10.91,11.0,,C,1200.0,659.0,,,,,209.0,,,
963,Mo1 Nb1 Ta1 Ti1 W1,BCC,CAST,BCC,,11.72,11.8,,C,1200.0,586.0,,,,,222.0,,,
964,Mo1 Nb1 Ta1 V1 W1,BCC,OTHER,BCC,,12.29,12.4,,C,1200.0,735.0,,,,,229.0,,,
965,Mo1 Nb1 Ta1 W1,BCC,OTHER,BCC,,13.6,13.7,,C,1200.0,506.0,,,,,250.0,,,
966,Mo1 Nb1 Ti1,BCC,OTHER,BCC,,7.67,7.7,,C,1200.0,324.0,,,,,177.0,,,
967,Nb1 Ta0.3 Ti1 Zr1,BCC,OTHER,BCC,,7.81,7.4,,C,1200.0,102.0,,,,,101.0,,,
968,Nb1 Ti1 Zr1,BCC,OTHER,BCC,,6.63,6.5,,C,1200.0,61.0,,,,,94.0,,,
980,Co1 Cr1 Fe1 Mn1 Ni1,FCC,WROUGHT,FCC,245.48,7.753,8.0,,T,25.0,293.1,625.6,63.0,,,220.0,,,
981,Hf1 Nb1 Ta1 Ti1 Zr1,BCC,WROUGHT,BCC,40.0,,9.9,,T,25.0,985.0,1004.0,15.7,,,107.0,,,
982,Hf1 Nb1 Ta1 Ti1 Zr1,BCC,WROUGHT,BCC,87.0,,9.9,,T,25.0,972.0,999.5,12.6,,,107.0,,,
983,Hf1 Nb1 Ta1 Ti1 Zr1,BCC,WROUGHT,BCC,112.0,,9.9,,T,25.0,967.0,980.6,10.8,,,107.0,,,
984,Co1 Fe1 Ni1,FCC,WROUGHT,FCC,,,8.5,,T,25.0,,,15.0,,,207.0,,,
985,Co1 Fe1 Ni1,FCC,WROUGHT,FCC,42.0,,8.5,,T,25.0,276.0,540.0,51.0,,,207.0,,,
986,Co1 Fe1 Ni1,FCC,WROUGHT,FCC,74.0,,8.5,,T,25.0,217.0,498.0,47.0,,,207.0,,,
987,Co1 Fe1 Ni1,FCC,WROUGHT,FCC,90.0,,8.5,,T,25.0,201.0,430.0,44.5,,,207.0,,,
992,Hf1 Mo1 Nb1 Ti1 Zr1,BCC,CAST,BCC,,8.68,8.7,,C,25.0,1719.0,,,,,128.0,,,
993,Co1 Fe1 Ni1,FCC,WROUGHT,FCC,53.7,,8.5,,T,25.0,,,,,161.0,207.0,,,
994,Co1 Cr0.053 Ni1,FCC,WROUGHT,FCC,7.28,,8.8,,T,25.0,,,,,219.0,207.0,,,
995,Fe1 Mn1 Ni1,FCC,WROUGHT,FCC,0.862,,8.1,,T,25.0,529.0,613.0,25.0,,182.0,203.0,,,
996,Fe1 Mn1 Ni1,FCC,WROUGHT,FCC,0.894,,8.1,,T,25.0,522.0,601.0,25.0,,182.0,203.0,,,
997,Fe1 Mn1 Ni1,FCC,WROUGHT,FCC,1.25,,8.1,,T,25.0,460.0,599.0,27.0,,182.0,203.0,,,
998,Fe1 Mn1 Ni1,FCC,WROUGHT,FCC,1.75,,8.1,,T,25.0,407.0,536.0,26.0,,182.0,203.0,,,
999,Fe1 Mn1 Ni1,FCC,WROUGHT,FCC,2.26,,8.1,,T,25.0,372.0,542.0,31.0,,182.0,203.0,,,
1000,Fe1 Mn1 Ni1,FCC,WROUGHT,FCC,3.52,,8.1,,T,25.0,322.0,554.0,49.0,,182.0,203.0,,,
1001,Co1 Mn1 Ni1,FCC,WROUGHT,FCC,1.43,,8.4,,T,25.0,333.0,569.0,40.0,,190.0,202.0,,,
1002,Co1 Mn1 Ni1,FCC,WROUGHT,FCC,0.4,,8.4,,T,25.0,601.0,608.0,24.0,,190.0,202.0,,,
1003,Co1 Mn1 Ni1,FCC,WROUGHT,FCC,1.58,,8.4,,T,25.0,321.0,566.0,50.5,,190.0,202.0,,,
1004,Co1 Mn1 Ni1,FCC,WROUGHT,FCC,2.67,,8.4,,T,25.0,267.0,506.0,62.5,,190.0,202.0,,,
1005,Co1 Cr0.25 Ni1,FCC,WROUGHT,FCC,0.212,,8.7,,T,25.0,745.0,824.0,36.0,,223.0,213.0,,,
1006,Co1 Cr0.25 Ni1,FCC,WROUGHT,FCC,0.34,,8.7,,T,25.0,623.0,746.0,53.0,,223.0,213.0,,,
1007,Co1 Cr0.25 Ni1,FCC,WROUGHT,FCC,1.46,,8.7,,T,25.0,387.0,626.0,73.0,,223.0,213.0,,,
1008,Co1 Cr0.25 Ni1,FCC,WROUGHT,FCC,2.65,,8.7,,T,25.0,330.0,553.0,101.0,,223.0,213.0,,,
1009,Co1 Cr1 Fe1 Ni1,FCC,WROUGHT,FCC,0.295,,8.2,,T,25.0,631.0,732.0,39.0,,210.0,226.0,,,
1010,Co1 Cr1 Fe1 Ni1,FCC,WROUGHT,FCC,0.5529999999999999,,8.2,,T,25.0,494.0,732.0,51.0,,210.0,226.0,,,
1011,Co1 Cr1 Fe1 Ni1,FCC,WROUGHT,FCC,0.72,,8.2,,T,25.0,448.0,672.0,65.0,,210.0,226.0,,,
1012,Co1 Cr1 Fe1 Ni1,FCC,WROUGHT,FCC,3.4,,8.2,,T,25.0,273.0,567.0,85.0,,210.0,226.0,,,
1013,Co1 Cr1 Fe1 Ni1,FCC,WROUGHT,FCC,32.2,,8.2,,T,25.0,172.0,504.0,105.0,,210.0,226.0,,,
1014,Co0.25 Cr1 Ni1,FCC,WROUGHT,FCC,0.497,,8.1,,T,25.0,518.0,744.0,36.0,,240.0,238.0,,,
1015,Co0.25 Cr1 Ni1,FCC,WROUGHT,FCC,0.848,,8.1,,T,25.0,462.0,703.0,46.0,,240.0,238.0,,,
1016,Co0.25 Cr1 Ni1,FCC,WROUGHT,FCC,1.78,,8.1,,T,25.0,395.0,644.0,58.0,,240.0,238.0,,,
1017,Co0.25 Cr1 Ni1,FCC,WROUGHT,FCC,1.98,,8.1,,T,25.0,356.0,588.0,64.0,,240.0,238.0,,,
1029,Co1 Cr1 Fe1 Mn1 Ni1,FCC,CAST,FCC,,,8.0,,T,25.0,210.0,,57.0,,,220.0,,,
1030,Co1 Cr1 Fe1 Mn1 Ni1,FCC,WROUGHT,FCC,,,8.0,,T,25.0,1150.0,,6.0,,,220.0,,,
1031,Co1 Cr1 Fe1 Mn1 Ni1,FCC,WROUGHT,FCC,,,8.0,,T,25.0,1300.0,,2.0,,,220.0,,,
1032,Co1 Cr1 Fe1 Mn1 Ni1,FCC,WROUGHT,FCC,4.0,,8.0,,T,25.0,1050.0,,8.0,,,220.0,,,
1033,Co1 Cr1 Fe1 Mn1 Ni1,FCC,WROUGHT,FCC,8.0,,8.0,,T,25.0,560.0,,49.0,,,220.0,,,
1034,Co1 Cr1 Fe1 Mn1 Ni1,FCC,WROUGHT,FCC,8.0,,8.0,,T,25.0,520.0,,47.0,,,220.0,,,
1035,Co1 Cr1 Fe1 Mn1 Ni1,FCC,WROUGHT,FCC,10.0,,8.0,,T,25.0,320.0,,59.0,,,220.0,,,
1036,Co1 Cr1 Fe1 Mn1 Ni1,FCC,WROUGHT,FCC,20.0,,8.0,,T,25.0,280.0,,62.0,,,220.0,,,
1037,Co0.5 Fe0.5 Mo0.1 Ni1 V0.25,FCC,CAST,FCC,,,8.4,,T,-196.0,419.0,,,34.6,,202.0,,,
1038,Co0.5 Fe0.5 Mo0.1 Ni1 V0.25,FCC,CAST,FCC,,,8.4,,T,-70.0,350.0,,,28.8,,202.0,,,
1039,Co0.5 Fe0.5 Mo0.1 Ni1 V0.25,FCC,CAST,FCC,,,8.4,,T,20.0,252.0,,,82.1,,202.0,,,
1040,Co0.5 Fe0.5 Mo0.1 Ni1 V0.25,FCC,CAST,FCC,,,8.4,,T,600.0,214.0,,,189.2,,202.0,,,
1041,Co0.5 Fe0.5 Mo0.1 Ni1 V0.25,FCC,CAST,FCC,,,8.4,,T,700.0,212.0,,,154.3,,202.0,,,
1042,Co0.5 Fe0.5 Mo0.1 Ni1 V0.25,FCC,CAST,FCC,,,8.4,,T,800.0,187.0,,,119.5,,202.0,,,
1043,Al0.3 Co1 Cr1 Fe1 Ni1,FCC,CAST,FCC,,,7.6,132.0,C,300.0,,,,,,210.0,,,
1044,Al0.3 Co1 Cr1 Fe1 Ni1,FCC,CAST,FCC,,,7.6,147.0,C,340.0,,,,,,210.0,,,
1045,Al0.3 Co1 Cr1 Fe1 Ni1,FCC,CAST,FCC,,,7.6,165.0,C,430.0,,,,,,210.0,,,
1056,Co1 Cr1 Fe1 Mn1 Ni1,FCC,ANNEAL,FCC,300.0,,8.0,,,,,,,,,220.0,,,
1057,Co1 Cr1 Fe1 Mn1 Ni1,FCC,POWDER,FCC,4.2,,8.0,,,,,,,,,220.0,,,
1058,Co1 Cr1 Fe1 Mn1 Ni1,FCC,POWDER,FCC,1.3,,8.0,,,,,,,,,220.0,,,
1068,Mo1 Nb1 Re0.5 W1,BCC,CAST,BCC,,,13.7,473.0,C,25.0,896.0,,10.4,7.08,,298.0,,,
1073,Al0.278 Co0.694 Cr0.222 Fe0.417 Ni1 Ti0.167,FCC,ANNEAL,FCC,,,7.4,,T,23.0,520.0,696.0,49.0,,,185.0,,,
1074,Al0.278 Co0.694 Cr0.222 Fe0.417 Ni1 Ti0.167,FCC,ANNEAL,FCC,,,7.4,,T,600.0,470.0,561.0,11.0,,,185.0,,,
1075,Al0.278 Co0.694 Cr0.222 Fe0.417 Ni1 Ti0.167,FCC,ANNEAL,FCC,,,7.4,,T,700.0,461.0,560.0,9.0,,,185.0,,,
1076,Al0.278 Co0.694 Cr0.222 Fe0.417 Ni1 Ti0.167,FCC,ANNEAL,FCC,,,7.4,,T,800.0,445.0,536.0,6.0,,,185.0,,,
1077,Al0.278 Co0.694 Cr0.222 Fe0.417 Ni1 Ti0.167,FCC,ANNEAL,FCC,,,7.4,,T,900.0,219.0,312.0,8.0,,,185.0,,,
1078,Al0.278 Co0.694 Cr0.222 Fe0.417 Ni1 Ti0.167,FCC,ANNEAL,FCC,,,7.4,,T,23.0,627.0,1197.0,27.0,,,185.0,,,
1079,Al0.278 Co0.694 Cr0.222 Fe0.417 Ni1 Ti0.167,FCC,ANNEAL,FCC,,,7.4,,T,600.0,594.0,1006.0,12.0,,,185.0,,,
1080,Al0.278 Co0.694 Cr0.222 Fe0.417 Ni1 Ti0.167,FCC,ANNEAL,FCC,,,7.4,,T,700.0,547.0,840.0,17.0,,,185.0,,,
1081,Al0.278 Co0.694 Cr0.222 Fe0.417 Ni1 Ti0.167,FCC,ANNEAL,FCC,,,7.4,,T,800.0,399.0,575.0,20.0,,,185.0,,,
1082,Al0.278 Co0.694 Cr0.222 Fe0.417 Ni1 Ti0.167,FCC,ANNEAL,FCC,,,7.4,,T,900.0,243.0,319.0,34.0,,,185.0,,,
1083,Co0.286 Cr0.429 Fe1 Mn0.143 Ni0.714 V0.286,FCC,WROUGHT,FCC,8.7,,7.9,,T,25.0,401.0,717.0,49.0,,,208.0,,,
1084,Co0.286 Cr0.429 Fe1 Mn0.143 Ni0.714 V0.286,FCC,WROUGHT,FCC,10.4,,7.9,,T,25.0,350.0,690.0,50.0,,,208.0,,,
1085,Co0.286 Cr0.429 Fe1 Mn0.143 Ni0.714 V0.286,FCC,WROUGHT,FCC,11.2,,7.9,,T,25.0,312.0,660.0,51.0,,,208.0,,,
1086,Co0.286 Cr0.429 Fe1 Mn0.143 Ni0.714 V0.286,FCC,WROUGHT,FCC,48.2,,7.9,,T,25.0,240.0,610.0,53.0,,,208.0,,,
1087,Co0.286 Cr0.429 Fe1 Mn0.143 Ni0.714 V0.286,FCC,WROUGHT,FCC,82.7,,7.9,,T,25.0,210.0,593.0,52.0,,,208.0,,,
1121,Nb1 Ti1 Zr1,BCC,CAST,BCC,,,6.5,372.0,C,25.0,1223.0,,48.0,,,94.0,,,
1122,Hf1 Nb1 Ti1 Zr1,BCC,CAST,BCC,,,8.4,351.0,C,25.0,1000.0,,52.0,,,89.0,,,
1123,Nb1 Ti1 Zr1,BCC,ANNEAL,BCC,300.0,,6.5,,,,,,,,,94.0,,,
1124,Hf1 Nb1 Ti1 Zr1,BCC,ANNEAL,BCC,50.0,,8.4,,,,,,,,,89.0,,,
1125,Nb1 Ti1 Zr1,BCC,CAST,BCC,,,6.5,,C,800.0,462.0,,51.0,,,94.0,,,
1126,Hf1 Nb1 Ti1 Zr1,BCC,CAST,BCC,,,8.4,,C,800.0,303.0,,51.0,,,89.0,,,
1127,Nb1 Ti1 Zr1,BCC,CAST,BCC,,,6.5,,C,1000.0,218.0,,51.0,,,94.0,,,
1128,Hf1 Nb1 Ti1 Zr1,BCC,CAST,BCC,,,8.4,,C,1000.0,154.0,,51.0,,,89.0,,,
1129,Co1 Cr1 Fe1 Ni1,FCC,CAST,FCC,,,8.2,168.9,C,25.0,163.0,,80.0,,,226.0,,,
1130,Co1 Cr1 Fe1 Ni1 W0.2,FCC,CAST,FCC,,,8.9,244.0,C,25.0,335.0,,52.0,,,238.0,,,
1135,Al0.15 Cr0.5 Cu0.25 Fe0.5 Ni1,FCC,WROUGHT,FCC,,,7.8,107.0,T,25.0,62.0,169.0,98.0,,16.6,200.0,,,
1139,Hf1 Nb1 Ta1 Ti1 Zr1,BCC,WROUGHT,BCC,60.0,,9.9,,,20.0,,,,,88.9,107.0,,,
1140,Hf1 Nb1 Ta1 Ti1 Zr1,BCC,WROUGHT,BCC,,,9.9,,,40.0,,,,,88.6,107.0,,,
1141,Hf1 Nb1 Ta1 Ti1 Zr1,BCC,WROUGHT,BCC,,,9.9,,,60.0,,,,,88.4,107.0,,,
1142,Hf1 Nb1 Ta1 Ti1 Zr1,BCC,WROUGHT,BCC,,,9.9,,,80.0,,,,,88.1,107.0,,,
1143,Hf1 Nb1 Ta1 Ti1 Zr1,BCC,WROUGHT,BCC,,,9.9,,,100.0,,,,,87.9,107.0,,,
1144,Hf1 Nb1 Ta1 Ti1 Zr1,BCC,WROUGHT,BCC,,,9.9,,,120.0,,,,,87.7,107.0,,,
1145,Hf1 Nb1 Ta1 Ti1 Zr1,BCC,WROUGHT,BCC,,,9.9,,,140.0,,,,,87.5,107.0,,,
1146,Hf1 Nb1 Ta1 Ti1 Zr1,BCC,WROUGHT,BCC,,,9.9,,,160.0,,,,,87.3,107.0,,,
1147,Hf1 Nb1 Ta1 Ti1 Zr1,BCC,WROUGHT,BCC,,,9.9,,,180.0,,,,,87.1,107.0,,,
1148,Hf1 Nb1 Ta1 Ti1 Zr1,BCC,WROUGHT,BCC,,,9.9,,,200.0,,,,,86.9,107.0,,,
1149,Hf1 Nb1 Ta1 Ti1 Zr1,BCC,WROUGHT,BCC,,,9.9,,,220.0,,,,,86.7,107.0,,,
1150,Hf1 Nb1 Ta1 Ti1 Zr1,BCC,WROUGHT,BCC,,,9.9,,,240.0,,,,,86.5,107.0,,,
1151,Hf1 Nb1 Ta1 Ti1 Zr1,BCC,WROUGHT,BCC,,,9.9,,,260.0,,,,,86.3,107.0,,,
1152,Hf1 Nb1 Ta1 Ti1 Zr1,BCC,WROUGHT,BCC,,,9.9,,,280.0,,,,,86.1,107.0,,,
1153,Hf1 Nb1 Ta1 Ti1 Zr1,BCC,WROUGHT,BCC,,,9.9,,,300.0,,,,,85.8,107.0,,,
1154,Hf1 Nb1 Ta1 Ti1 Zr1,BCC,WROUGHT,BCC,,,9.9,,,320.0,,,,,85.5,107.0,,,
1155,Hf1 Nb1 Ta1 Ti1 Zr1,BCC,WROUGHT,BCC,,,9.9,,,340.0,,,,,85.2,107.0,,,
1156,Hf1 Nb1 Ta1 Ti1 Zr1,BCC,WROUGHT,BCC,,,9.9,,,360.0,,,,,84.9,107.0,,,
1157,Hf1 Nb1 Ta1 Ti1 Zr1,BCC,WROUGHT,BCC,,,9.9,,,380.0,,,,,84.5,107.0,,,
1158,Hf1 Nb1 Ta1 Ti1 Zr1,BCC,WROUGHT,BCC,,,9.9,,,400.0,,,,,84.2,107.0,,,
1159,Hf1 Nb1 Ta1 Ti1 Zr1,BCC,WROUGHT,BCC,,,9.9,,,420.0,,,,,83.8,107.0,,,
1160,Hf1 Nb1 Ta1 Ti1 Zr1,BCC,WROUGHT,BCC,,,9.9,,,440.0,,,,,83.5,107.0,,,
1161,Hf1 Nb1 Ta1 Ti1 Zr1,BCC,WROUGHT,BCC,,,9.9,,,460.0,,,,,83.1,107.0,,,
1162,Hf1 Nb1 Ta1 Ti1 Zr1,BCC,WROUGHT,BCC,,,9.9,,,480.0,,,,,82.7,107.0,,,
1163,Hf1 Nb1 Ta1 Ti1 Zr1,BCC,WROUGHT,BCC,,,9.9,,,500.0,,,,,82.3,107.0,,,
1164,Hf1 Nb1 Ta1 Ti1 Zr1,BCC,WROUGHT,BCC,,,9.9,,,520.0,,,,,81.9,107.0,,,
1165,Hf1 Nb1 Ta1 Ti1 Zr1,BCC,WROUGHT,BCC,,,9.9,,,540.0,,,,,81.6,107.0,,,
1166,Hf1 Nb1 Ta1 Ti1 Zr1,BCC,WROUGHT,BCC,,,9.9,,,560.0,,,,,81.3,107.0,,,
1167,Hf1 Nb1 Ta1 Ti1 Zr1,BCC,WROUGHT,BCC,,,9.9,,,580.0,,,,,81.0,107.0,,,
1168,Hf1 Nb1 Ta1 Ti1 Zr1,BCC,WROUGHT,BCC,,,9.9,,,600.0,,,,,80.7,107.0,,,
1169,Hf1 Nb1 Ta1 Ti1 Zr1,BCC,WROUGHT,BCC,,,9.9,,,620.0,,,,,80.4,107.0,,,
1170,Hf1 Nb1 Ta1 Ti1 Zr1,BCC,WROUGHT,BCC,,,9.9,,,640.0,,,,,80.2,107.0,,,
1171,Hf1 Nb1 Ta1 Ti1 Zr1,BCC,WROUGHT,BCC,,,9.9,,,660.0,,,,,80.0,107.0,,,
1172,Hf1 Nb1 Ta1 Ti1 Zr1,BCC,WROUGHT,BCC,,,9.9,,,680.0,,,,,79.8,107.0,,,
1173,Hf1 Nb1 Ta1 Ti1 Zr1,BCC,WROUGHT,BCC,,,9.9,,,700.0,,,,,79.6,107.0,,,
1174,Hf1 Nb1 Ta1 Ti1 Zr1,BCC,WROUGHT,BCC,,,9.9,,,720.0,,,,,79.3,107.0,,,
1175,Hf1 Nb1 Ta1 Ti1 Zr1,BCC,WROUGHT,BCC,,,9.9,,,740.0,,,,,79.0,107.0,,,
1176,Hf1 Nb1 Ta1 Ti1 Zr1,BCC,WROUGHT,BCC,,,9.9,,,760.0,,,,,78.7,107.0,,,
1177,Hf1 Nb1 Ta1 Ti1 Zr1,BCC,WROUGHT,BCC,,,9.9,,,780.0,,,,,78.4,107.0,,,
1178,Hf1 Nb1 Ta1 Ti1 Zr1,BCC,WROUGHT,BCC,,,9.9,,,800.0,,,,,78.1,107.0,,,
1179,Hf1 Nb1 Ta1 Ti1 Zr1,BCC,WROUGHT,BCC,,,9.9,,,820.0,,,,,77.7,107.0,,,
1180,Hf1 Nb1 Ta1 Ti1 Zr1,BCC,WROUGHT,BCC,,,9.9,,,840.0,,,,,77.4,107.0,,,
1181,Co1 Cr1 Fe1 Ni1 Ti0.3,FCC,WROUGHT,FCC,90.0,,7.8,263.0,T,25.0,540.0,772.0,60.0,,,214.0,,,
1182,Co1 Cr1 Fe1 Ni1 Ti0.3,FCC,WROUGHT,FCC,216.0,,7.8,185.0,,,,,,,,214.0,,,
1183,Co0.333 Cr0.667 Fe0.667 Ni1 Ti0.2,FCC,WROUGHT,FCC,263.0,,7.8,197.0,,,,,,,,213.0,,,
1184,Co0.333 Cr0.667 Fe0.667 Ni1 Ti0.2,FCC,WROUGHT,FCC,90.0,,7.8,308.0,T,25.0,586.0,875.0,46.0,,,213.0,,,
1185,Cr0.5 Fe0.5 Ni1 Ti0.15,FCC,WROUGHT,FCC,90.0,,7.8,335.0,T,25.0,672.0,982.0,37.0,,,212.0,,,
1186,Cr0.5 Fe0.5 Ni1 Ti0.15,FCC,WROUGHT,FCC,324.0,,7.8,204.0,,,,,,,,212.0,,,
1187,Nb1 Ta1 Ti1,BCC,WROUGHT,BCC,,,10.0,,C,20.0,573.0,,,,,136.0,100.0,5.0,
1188,Nb1 Ta1 Ti1,BCC,WROUGHT,BCC,,,10.0,,C,100.0,486.0,,,,,136.0,100.0,5.0,
1189,Nb1 Ta1 Ti1,BCC,WROUGHT,BCC,,,10.0,,C,200.0,378.0,,,,,136.0,100.0,5.0,
1190,Nb1 Ta1 Ti1,BCC,WROUGHT,BCC,,,10.0,,C,300.0,314.0,,,,,136.0,100.0,5.0,
1191,Nb1 Ta1 Ti1,BCC,WROUGHT,BCC,,,10.0,,C,400.0,232.0,,,,,136.0,100.0,5.0,
1192,Nb1 Ta1 Ti1,BCC,WROUGHT,BCC,,,10.0,,C,600.0,222.0,,,,,136.0,100.0,5.0,
1193,Nb1 Ta1 Ti1,BCC,WROUGHT,BCC,,,10.0,,C,800.0,210.0,,,,,136.0,100.0,5.0,
1194,Nb1 Ta1 Ti1,BCC,WROUGHT,BCC,,,10.0,,C,1000.0,160.0,,,,,136.0,100.0,5.0,
1195,Al1 Nb1 Ta1 Ti1,BCC,CAST,BCC,,,8.2,,C,20.0,1152.0,,,,,120.0,180.0,5.0,
1196,Al1 Nb1 Ta1 Ti1,BCC,CAST,BCC,,,8.2,,C,200.0,740.0,,,,,120.0,180.0,5.0,
1197,Al1 Nb1 Ta1 Ti1,BCC,CAST,BCC,,,8.2,,C,100.0,740.0,,,,,120.0,180.0,5.0,
1198,Mo1 Nb1 Ta1 Ti1,BCC,ANNEAL,BCC,,,10.0,,C,20.0,1210.0,,,,,179.0,80.0,5.0,
1199,Mo1 Nb1 Ta1 Ti1,BCC,ANNEAL,BCC,,,10.0,,C,60.0,1071.0,,,,,179.0,80.0,5.0,
1200,Mo1 Nb1 Ta1 Ti1,BCC,ANNEAL,BCC,,,10.0,,C,100.0,1029.0,,,,,179.0,80.0,5.0,
1201,Mo1 Nb1 Ta1 Ti1,BCC,ANNEAL,BCC,,,10.0,,C,200.0,868.0,,,,,179.0,80.0,5.0,
1202,Mo1 Nb1 Ta1 Ti1,BCC,ANNEAL,BCC,,,10.0,,C,300.0,732.0,,,,,179.0,80.0,5.0,
1203,Mo1 Nb1 Ta1 Ti1,BCC,ANNEAL,BCC,,,10.0,,C,400.0,685.0,,,,,179.0,80.0,5.0,
1204,Mo1 Nb1 Ta1 Ti1,BCC,ANNEAL,BCC,,,10.0,,C,600.0,593.0,,,,,179.0,80.0,5.0,
1205,Mo1 Nb1 Ta1 Ti1,BCC,ANNEAL,BCC,,,10.0,,C,800.0,564.0,,,,,179.0,80.0,5.0,
1206,Mo1 Nb1 Ta1 Ti1,BCC,ANNEAL,BCC,,,10.0,,C,1000.0,539.0,,,,,179.0,80.0,5.0,
1207,Nb1 Ta1 Ti1 W1,BCC,ANNEAL,BCC,,,12.1,,C,20.0,1054.0,,,,,198.0,90.0,5.0,
1208,Nb1 Ta1 Ti1 W1,BCC,ANNEAL,BCC,,,12.1,,C,100.0,968.0,,,,,198.0,90.0,5.0,
1209,Nb1 Ta1 Ti1 W1,BCC,ANNEAL,BCC,,,12.1,,C,200.0,869.0,,,,,198.0,90.0,5.0,
1210,Nb1 Ta1 Ti1 W1,BCC,ANNEAL,BCC,,,12.1,,C,300.0,754.0,,,,,198.0,90.0,5.0,
1211,Nb1 Ta1 Ti1 W1,BCC,ANNEAL,BCC,,,12.1,,C,400.0,627.0,,,,,198.0,90.0,5.0,
1212,Nb1 Ta1 Ti1 W1,BCC,ANNEAL,BCC,,,12.1,,C,600.0,596.0,,,,,198.0,90.0,5.0,
1213,Nb1 Ta1 Ti1 W1,BCC,ANNEAL,BCC,,,12.1,,C,800.0,564.0,,,,,198.0,90.0,5.0,
1214,Nb1 Ta1 Ti1 W1,BCC,ANNEAL,BCC,,,12.1,,C,1000.0,459.0,,,,,198.0,90.0,5.0,
1215,Hf1 Nb1 Ta1 Ti1,BCC,ANNEAL,BCC,,,10.9,,C,20.0,860.0,,,,,119.0,160.0,5.0,
1216,Hf1 Nb1 Ta1 Ti1,BCC,ANNEAL,BCC,,,10.9,,C,20.0,834.0,,,,,119.0,160.0,5.0,
1217,Hf1 Nb1 Ta1 Ti1,BCC,ANNEAL,BCC,,,10.9,,C,200.0,610.0,,,,,119.0,160.0,5.0,
1218,Hf1 Nb1 Ta1 Ti1,BCC,ANNEAL,BCC,,,10.9,,C,600.0,473.0,,,,,119.0,160.0,5.0,
1219,Cr1 Mo1 Nb1 Ti1,BCC,ANNEAL,BCC,,,7.6,,C,20.0,1630.0,,,,,196.0,260.0,5.0,
1220,Cr1 Mo1 Nb1 Ti1,BCC,ANNEAL,BCC,,,7.6,,C,200.0,1268.0,,,,,196.0,260.0,5.0,
1221,Cr1 Mo1 Nb1 Ti1,BCC,ANNEAL,BCC,,,7.6,,C,400.0,1115.0,,,,,196.0,260.0,5.0,
1222,Cr1 Mo1 Nb1 Ti1,BCC,ANNEAL,BCC,,,7.6,,C,600.0,1062.0,,,,,196.0,260.0,5.0,
1223,Cr1 Mo1 Nb1 Ti1,BCC,ANNEAL,BCC,,,7.6,,C,800.0,1058.0,,,,,196.0,260.0,5.0,
1232,Hf0.25 Ti1 V0.5 Zr0.5,BCC,CAST,BCC,,,6.5,338.3,C,25.0,1160.0,,50.0,,,100.0,,,
1233,Hf0.25 Ti1 V0.5 Zr0.5,BCC,CAST,BCC,,,6.5,338.3,C,600.0,405.0,,50.0,,,100.0,,,
1234,Hf0.25 Ti1 V0.5 Zr0.5,BCC,CAST,BCC,,,6.5,338.3,C,800.0,85.0,,50.0,,,100.0,,,
1235,Hf0.25 Nb0.125 Ti1 V0.5 Zr0.5,BCC,CAST,BCC,,,6.6,332.4,C,25.0,1115.0,,50.0,,,100.0,,,
1236,Hf0.25 Nb0.25 Ti1 V0.5 Zr0.5,BCC,CAST,BCC,,,6.7,322.5,C,25.0,1065.0,,50.0,,,100.0,,,
1237,Hf0.25 Nb0.25 Ti1 V0.5 Zr0.5,BCC,CAST,BCC,,,6.7,322.5,C,600.0,718.0,,50.0,,,100.0,,,
1238,Hf0.25 Nb0.25 Ti1 V0.5 Zr0.5,BCC,CAST,BCC,,,6.7,322.5,C,800.0,135.0,,50.0,,,100.0,,,
1239,Hf0.25 Nb0.375 Ti1 V0.5 Zr0.5,BCC,CAST,BCC,,,6.8,318.9,C,25.0,1025.0,,50.0,,,100.0,,,
1240,Hf0.25 Nb0.5 Ti1 V0.5 Zr0.5,BCC,CAST,BCC,,,6.9,310.4,C,25.0,980.0,,50.0,,,101.0,,,
1241,Hf0.25 Nb0.5 Ti1 V0.5 Zr0.5,BCC,CAST,BCC,,,6.9,310.4,C,600.0,859.0,,50.0,,,101.0,,,
1242,Hf0.25 Nb0.5 Ti1 V0.5 Zr0.5,BCC,CAST,BCC,,,6.9,310.4,C,800.0,195.0,,50.0,,,101.0,,,
1273,Cr1 Fe1 Mn1 Ni1,FCC,,FCC,,,7.8,,,,,,,,,222.0,,,
1274,Co0.25 Cr0.25 Fe1 Mn1,FCC,CAST,FCC,,,7.7,,T,25.0,213.0,471.0,55.7,,,212.0,,,
1275,Co0.25 Cr0.25 Fe1 Mn1,FCC,CAST,FCC,,,7.7,,T,25.0,393.0,634.0,26.5,,,212.0,,,
1276,Co0.25 Cr0.25 Fe1 Mn1,FCC,WROUGHT,FCC,,,7.7,,T,25.0,792.0,1055.0,22.6,,,212.0,,,
1277,Co0.25 Cr0.25 Fe1 Mn1,FCC,WROUGHT,FCC,18.0,,7.7,,T,25.0,559.0,1004.0,33.9,,,212.0,,,
1278,Co0.25 Cr0.25 Fe1 Mn1,FCC,WROUGHT,FCC,32.0,,7.7,,T,25.0,512.0,978.0,55.3,,,212.0,,,
1279,Co0.25 Cr0.25 Fe1 Mn1,FCC,WROUGHT,FCC,63.0,,7.7,,T,25.0,476.0,947.0,69.4,,,212.0,,,
1280,Co1 Cr1 Fe1 Mn1 Ni1,FCC,WROUGHT,FCC,,,8.0,,T,25.0,353.0,635.0,,43.0,,220.0,,,
1283,Al0.5 Nb1 Ta0.5 Ti1 Zr1,BCC,POWDER,BCC,,,7.3,,,,,,,,,102.0,,,
1288,Mo1 Nb1 Ta1 W1,BCC,POWDER,BCC,,,13.7,504.5,C,25.0,1217.0,,7.5,3.8,,250.0,,,
1292,Mo1 Nb1 Ta1 W1,BCC,POWDER,BCC,,,13.7,420.0,,200.0,,,,,,250.0,,,
1296,Mo1 Nb1 Ta1 W1,BCC,POWDER,BCC,,,13.7,425.0,,400.0,,,,,,250.0,,,
1300,Mo1 Nb1 Ta1 W1,BCC,POWDER,BCC,,,13.7,340.0,,600.0,,,,,,250.0,,,
1304,Mo1 Nb1 Ta1 W1,BCC,POWDER,BCC,,,13.7,335.5,,800.0,,,,,,250.0,,,
1309,Co1 Cr1 Fe1 Mn1 Ni1,FCC,WROUGHT,FCC,,,8.0,,T,25.0,1199.26,1335.35,4.37,,,220.0,,,
1310,Co1 Cr1 Fe1 Mn1 Ni1,FCC,WROUGHT,FCC,,,8.0,,T,25.0,1269.23,1366.3,1.16,,,220.0,,,
1311,Co1 Cr1 Fe1 Mn1 Ni1,FCC,WROUGHT,FCC,,,8.0,,T,25.0,1371.21,1402.83,1.58,,,220.0,,,
1312,Co1 Cr1 Fe1 Mn1 Ni1,FCC,WROUGHT,FCC,0.166,,8.0,,T,25.0,1362.74,1471.05,3.15,,,220.0,,,
1313,Co1 Cr1 Fe1 Mn1 Ni1,FCC,WROUGHT,FCC,0.248,,8.0,,T,25.0,1241.81,1325.25,4.31,,,220.0,,,
1314,Co1 Cr1 Fe1 Mn1 Ni1,FCC,WROUGHT,FCC,0.4679999999999999,,8.0,,T,25.0,930.3,1021.32,19.01,,,220.0,,,
1315,Co1 Cr1 Fe1 Mn1 Ni1,FCC,WROUGHT,FCC,1.79,,8.0,,T,25.0,729.21,901.74,26.3,,,220.0,,,
1316,Co1 Cr1 Fe1 Mn1 Ni1,FCC,WROUGHT,FCC,4.57,,8.0,,T,25.0,494.82,735.6,38.7,,,220.0,,,
1317,Co1 Cr1 Fe1 Mn1 Ni1,FCC,WROUGHT,FCC,13.45,,8.0,,T,25.0,366.88,673.25,42.55,,,220.0,,,
1318,Co1 Cr1 Fe1 Mn1 Ni1,FCC,WROUGHT,FCC,22.37,,8.0,,T,25.0,290.65,618.51,43.15,,,220.0,,,
1319,Co1 Cr1 Fe1 Mn1 Ni1,FCC,WROUGHT,FCC,30.6,,8.0,,T,25.0,258.76,598.75,45.05,,,220.0,,,
1324,Co1 Cr1 Fe1 Ni1,FCC,,FCC,,,8.2,,,,,,,,,226.0,,,
1326,Al1 Co1 Cr1 Fe1 Ni1,BCC,,BCC,,,6.7,500.0,,,,,,,,184.0,,,
1327,Al1 Co0.5 Cr0.5 Fe0.5 Ni0.5,BCC,,BCC,,,5.9,733.0,,,,,,,,160.0,,,
1338,Al0.3 Co1 Cr1 Fe1 Ni1,FCC,,FCC,,,7.6,160.0,,,,,,,,210.0,,,
1339,Al0.3 Co1 Cr1 Fe1 Mo0.1 Ni1,FCC,,FCC,,,7.7,200.0,,,,,,,,214.0,,,
1340,Al0.143 Cr0.343 Fe1 Mn0.8 Ni0.571,FCC,CAST,FCC,,,7.5,,T,25.0,280.0,556.0,48.0,48.2,,204.0,,,
1341,Al0.286 Cr0.343 Fe1 Mn0.657 Ni0.571,FCC,WROUGHT,FCC,,,7.2,,T,25.0,320.0,625.0,42.2,42.45,,195.0,,,
1342,Al0.143 Cr0.343 Fe1 Mn0.8 Ni0.571,FCC,CAST,FCC,,,7.5,,T,25.0,1253.0,1392.0,6.78,8.2,,204.0,,,
1343,Al0.286 Cr0.343 Fe1 Mn0.657 Ni0.571,FCC,WROUGHT,FCC,,,7.2,,T,25.0,1400.0,1500.0,5.83,7.85,,195.0,,,
1344,Co1 Cu1 Fe1 Mn1 Ni1,FCC,CAST,FCC,,,8.4,,,800.0,,,,,,189.0,,,
1345,Co1 Cu1 Fe1 Mn1 Ni1,FCC,CAST,FCC,,,8.4,,,900.0,,,,,,189.0,,,
1346,Co1 Cu1 Fe1 Mn1 Ni1,FCC,CAST,FCC,,,8.4,,,100.0,,,,,,189.0,,,
1347,Co1 Cr1 Fe1 Mo0.15 Ni1,FCC,CAST,FCC,,,8.3,,T,25.0,489.0,895.0,,53.6,,231.0,,,
1350,Co1 Cr1 Fe1 Mo0.15 Ni1,FCC,WROUGHT,FCC,,,8.3,,T,25.0,1136.0,1245.0,,8.7,,231.0,,,
1351,Co1 Cr1 Fe1 Mo0.15 Ni1,FCC,WROUGHT,FCC,,,8.3,,T,25.0,1301.0,1493.0,,7.2,,231.0,,,
1369,Al0.333 Co0.333 Cu0.333 Fe0.333 Ni1,FCC,CAST,FCC,,,7.5,279.6,C,25.0,268.0,,,,,167.0,,,
1374,Co1 Cr0.2 Fe1 Ni1 Si0.2,FCC,CAST,FCC,,,7.8,130.1,T,25.0,225.0,732.0,61.0,,,195.0,,,
1375,Co1 Cr0.2 Fe1 Ni1 Si0.2,FCC,WROUGHT,FCC,,,7.8,318.2,T,25.0,705.0,1070.0,10.0,,,195.0,,,
1376,Co1 Cr0.2 Fe1 Ni1 Si0.2,FCC,WROUGHT,FCC,,,7.8,153.8,T,25.0,320.0,920.0,60.0,,,195.0,,,
1377,Al1 Cu0.077 Fe0.077 Mg0.077 Si0.231 Zn0.077,FCC,CAST,FCC,,3.08,3.2,,C,25.0,422.0,,1.0,,88.7,73.0,,,
1378,Al1 Cu0.077 Mg0.077 Ni0.077 Si0.231 Zn0.077,FCC,CAST,FCC,,3.15,3.2,,C,25.0,534.0,,1.0,,107.8,72.0,,,
1379,Al1 Cr0.077 Cu0.077 Mg0.077 Si0.231 Zn0.077,FCC,CAST,FCC,,3.06,3.1,,C,25.0,490.0,,6.0,,78.4,75.0,,,
1380,Al1 Cu0.077 Mg0.077 Mn0.077 Si0.231 Zn0.077,FCC,CAST,FCC,,2.98,3.2,,C,25.0,622.0,,2.0,,114.1,73.0,,,
1382,Co1 Cr1 Fe1 Mo0.2 Ni1,FCC,CAST,FCC,,,8.3,,T,25.0,400.0,780.0,53.0,,,232.0,,,
1383,Co1 Cr1 Fe1 Mo0.2 Ni1,FCC,ANNEAL,FCC,,,8.3,,T,25.0,,838.0,43.0,,,232.0,,,
1384,Co1 Cr1 Fe1 Mo0.2 Ni1,FCC,ANNEAL,FCC,,,8.3,,T,25.0,,899.0,31.0,,,232.0,,,
1385,Co1 Cr1 Fe1 Mo0.2 Ni1,FCC,ANNEAL,FCC,,,8.3,,T,25.0,,902.0,29.0,,,232.0,,,
1386,Co1 Cr1 Fe1 Mo0.2 Ni1,FCC,ANNEAL,FCC,,,8.3,,T,25.0,,811.0,52.0,,,232.0,,,
1387,Co1 Cr1 Fe1 Mo0.2 Ni1,FCC,ANNEAL,FCC,,,8.3,,T,25.0,,790.0,49.0,,,232.0,,,
1388,Co1 Cr1 Fe1 Mo0.2 Ni1,FCC,ANNEAL,FCC,,,8.3,,T,25.0,,799.0,47.0,,,232.0,,,
1389,Co1 Cr1 Fe1 Mo0.2 Ni1,FCC,ANNEAL,FCC,,,8.3,,T,25.0,,802.0,37.0,,,232.0,,,
1390,Co1 Cr1 Fe1 Mo0.2 Ni1,FCC,ANNEAL,FCC,,,8.3,,T,25.0,,823.0,36.0,,,232.0,,,
1391,Co1 Cr1 Fe1 Mo0.2 Ni1,FCC,ANNEAL,FCC,,,8.3,,T,25.0,,849.0,34.0,,,232.0,,,
1392,Co1 Cr1 Fe1 Mo0.2 Ni1,FCC,ANNEAL,FCC,,,8.3,,T,25.0,,895.0,32.0,,,232.0,,,
1398,Co1 Cr1 Fe1 Ni1 Pd1,FCC,CAST,FCC,,,9.2,295.0,,,,,,,,201.0,,,
1406,Cr1 Fe1 Ni1 Ti0.4,BCC,CAST,BCC,,,7.4,600.3,C,25.0,2475.41,,6.5,,,212.0,,,
1407,Cr1 Fe1 Ni1 Ti0.5,BCC,CAST,BCC,,,7.3,709.6,C,25.0,2380.79,,,,,208.0,,,
1408,Cr1 Fe1 Ni1 Ti0.6,BCC,CAST,BCC,,,7.2,718.2,C,25.0,1923.15,,,,,204.0,,,
1436,Co1 Cr1 Cu1 Fe1 Ni1,FCC,CAST,FCC,,,8.3,,C,25.0,300.0,,50.2,,,206.0,,,
1445,Hf1 Nb1 Ta1 Ti1 Zr1,BCC,CAST,BCC,500.0,,9.9,359.0,T,25.0,1155.0,1212.0,12.3,,59.0,107.0,,,
1446,Nb1 Ta1 Ti1 Zr1,BCC,CAST,BCC,500.0,,8.9,358.0,T,25.0,1144.0,1205.0,6.4,,98.0,115.0,,,
1447,Nb1 Ta1 Ti1,BCC,CAST,BCC,500.0,,10.0,246.0,T,25.0,620.0,683.0,18.5,,143.0,136.0,,,
1449,Nb1 Ti1 Zr1,BCC,CAST,BCC,500.0,,6.5,295.0,T,25.0,956.0,991.0,14.2,,88.0,94.0,,,
1472,Al0.5 Cr1 Cu1 Fe1 Ni1,FCC,CAST,FCC,,,7.4,226.0,,,,,,,,185.0,,,
1473,Al0.5 Cr1 Cu1 Fe1 Ni1,FCC,WROUGHT,FCC,,,7.4,287.0,,,,,,,,185.0,,,
1474,Hf1 Mo1 Nb1 Ta1 Ti1 Zr1,BCC,CAST,BCC,,,9.9,,C,25.0,1512.0,,12.0,,,137.0,,,
1475,Hf1 Mo1 Ta1 Ti1 Zr1,BCC,CAST,BCC,,,10.2,,C,25.0,1600.0,,4.0,,,143.0,,,
1476,Hf1 Mo1 Nb1 Ti1 Zr1,BCC,CAST,BCC,,,8.7,,C,25.0,1351.0,,20.0,,,128.0,,,
1477,Hf1 Mo1 Nb1 Ta1 Zr1,BCC,CAST,BCC,,,10.9,,C,25.0,1524.0,,16.0,,,141.0,,,
1478,Hf1 Mo1 Nb1 Ta1 Ti1,BCC,CAST,BCC,,,10.8,,C,25.0,1369.0,,27.0,,,155.0,,,
1479,Hf1 Mo1 Nb1 Ta1 Ti1 Zr1,BCC,CAST,BCC,,,9.9,,C,800.0,1007.0,,,,,137.0,,,
1480,Hf1 Mo1 Ta1 Ti1 Zr1,BCC,CAST,BCC,,,10.2,,C,800.0,1045.0,,,,,143.0,,,
1481,Hf1 Mo1 Nb1 Ti1 Zr1,BCC,CAST,BCC,,,8.7,,C,800.0,829.0,,,,,128.0,,,
1482,Hf1 Mo1 Nb1 Ta1 Zr1,BCC,CAST,BCC,,,10.9,,C,800.0,1005.0,,,,,141.0,,,
1483,Hf1 Mo1 Nb1 Ta1 Ti1,BCC,CAST,BCC,,,10.8,,C,800.0,822.0,,,,,155.0,,,
1484,Hf1 Mo1 Nb1 Ta1 Ti1 Zr1,BCC,CAST,BCC,,,9.9,,C,1000.0,814.0,,,,,137.0,,,
1485,Hf1 Mo1 Ta1 Ti1 Zr1,BCC,CAST,BCC,,,10.2,,C,1000.0,855.0,,,,,143.0,,,
1486,Hf1 Mo1 Nb1 Ti1 Zr1,BCC,CAST,BCC,,,8.7,,C,1000.0,721.0,,,,,128.0,,,
1487,Hf1 Mo1 Nb1 Ta1 Zr1,BCC,CAST,BCC,,,10.9,,C,1000.0,927.0,,,,,141.0,,,
1488,Hf1 Mo1 Nb1 Ta1 Ti1,BCC,CAST,BCC,,,10.8,,C,1000.0,778.0,,,,,155.0,,,
1489,Hf1 Mo1 Nb1 Ta1 Ti1 Zr1,BCC,CAST,BCC,,,9.9,,C,1200.0,556.0,,,,,137.0,,,
1490,Hf1 Mo1 Ta1 Ti1 Zr1,BCC,CAST,BCC,,,10.2,,C,1200.0,404.0,,,,,143.0,,,
1491,Hf1 Mo1 Nb1 Ti1 Zr1,BCC,CAST,BCC,,,8.7,,C,1200.0,301.0,,,,,128.0,,,
1492,Hf1 Mo1 Nb1 Ta1 Zr1,BCC,CAST,BCC,,,10.9,,C,1200.0,694.0,,,,,141.0,,,
1493,Hf1 Mo1 Nb1 Ta1 Ti1,BCC,CAST,BCC,,,10.8,,C,1200.0,699.0,,,,,155.0,,,
1494,Hf1 Mo1 Nb1 Ta1 Zr1,BCC,CAST,BCC,,,10.9,,C,1400.0,278.0,,,,,141.0,,,
1495,Hf1 Mo1 Nb1 Ta1 Ti1,BCC,CAST,BCC,,,10.8,,C,1400.0,367.0,,,,,155.0,,,
1496,Co1 Cr1 Fe1 Ni1,FCC,POWDER,FCC,0.0276,,8.2,,,,,,,,,226.0,,,
1500,Hf1 Nb1 Ta1 Ti1 Zr1,BCC,OTHER,BCC,,,9.9,,T,25.0,1438.0,,,,91.5,107.0,,,
1501,Hf1 Nb1 Ta1 Ti1 Zr1,BCC,OTHER,BCC,,,9.9,,T,25.0,1159.0,,,,99.2,107.0,,,
1502,Hf1 Nb1 Ta1 Ti1 Zr1,BCC,OTHER,BCC,,,9.9,,T,25.0,1134.0,,,,109.1,107.0,,,
1503,Hf1 Nb1 Ta1 Ti1 Zr1,BCC,OTHER,BCC,,,9.9,,T,25.0,1094.0,,,,105.3,107.0,,,
1504,Hf1 Nb1 Ta1 Ti1 Zr1,BCC,OTHER,BCC,,,9.9,,T,25.0,1071.0,,,,91.6,107.0,,,
1505,Hf1 Nb1 Ta1 Ti1 Zr1,BCC,OTHER,BCC,24.4,,9.9,,T,25.0,1107.0,,,,92.6,107.0,,,
1506,Hf1 Nb1 Ta1 Ti1 Zr1,BCC,OTHER,BCC,31.3,,9.9,,T,25.0,1115.0,,,,92.6,107.0,,,
1507,Hf1 Nb1 Ta1 Ti1 Zr1,BCC,OTHER,BCC,38.4,,9.9,,T,25.0,1114.0,,,,101.3,107.0,,,
1508,Hf1 Nb1 Ta1 Ti1 Zr1,BCC,OTHER,BCC,50.1,,9.9,,,,,,,,,107.0,,,
1509,Hf1 Nb1 Ta1 Ti1 Zr1,BCC,OTHER,BCC,21.9,,9.9,,,,,,,,,107.0,,,
1510,Hf1 Nb1 Ta1 Ti1 Zr1,BCC,OTHER,BCC,75.5,,9.9,,,,,,,,,107.0,,,
1530,Al1 Mo1 Nb1 Ti1,BCC,CAST,BCC,,,6.5,509.0,,,,,,,,151.0,,,
1532,Al1 Nb1 Ta1 Ti1,BCC,CAST,BCC,,,8.2,458.0,,,,,,,,120.0,,,
1533,Cr1 Mo1 Ta1 Ti1,BCC,ANNEAL,BCC,,,9.9,555.0,,,,,,,,219.0,,,
1534,Cr1 Mo1 Ta1 Ti1,BCC,CAST,BCC,,,9.9,539.0,,,,,,,,219.0,,,
1536,Cr1 Nb1 Ta1 Ti1,BCC,CAST,BCC,,,9.4,495.0,,,,,,,,162.0,,,
1538,Cr1 Nb1 Ti1 W1,BCC,CAST,BCC,,,9.9,630.0,,,,,,,,217.0,,,
1539,Hf1 Nb1 Ta1 Ti1,BCC,ANNEAL,BCC,,,10.9,280.0,,,,,,,,119.0,,,
1540,Hf1 Nb1 Ta1 Ti1,BCC,CAST,BCC,,,10.9,270.0,,,,,,,,119.0,,,
1541,Mo1 Nb1 Ta1 Ti1 W1,BCC,ANNEAL,BCC,,,11.8,482.0,,,,,,,,222.0,,,
1542,Mo1 Nb1 Ta1 Ti1 W1,BCC,CAST,BCC,,,11.8,446.0,,,,,,,,222.0,,,
1543,Mo1 Nb1 Ta1 Ti1,BCC,ANNEAL,BCC,,,10.0,407.0,,,,,,,,179.0,,,
1544,Mo1 Nb1 Ta1 Ti1,BCC,CAST,BCC,,,10.0,431.0,,,,,,,,179.0,,,
